,"DK",,".DENMARK",,,,,,,,
,"DK","2DH","Tisvildeleje","Tisvildeleje","84","-23-----","RL","1601",,"5603N 01205E",
,"DK","2NK","Refsvindinge","Refsvindinge","83","--3-----","RL","1607",,"5517N 01041E",
,"DK","AAB","Åbenrå","Abenra","83","1-3-----","AF","1101","XNR","5502N 00926E",
,"DK","AAE","Aarre","Aarre","83","-----6--","RL","0901",,"5534N 00840E",
,"DK","AAF","Aalbaek","Aalbaek","81","-----6--","RL","0901",,"5735N 01024E",
,"DK","AAG","Bjaeverskov","Bjaeverskov","85","-----6--","RL","0901",,"5527N 01202E",
,"DK","AAH","Barrit","Barrit","83","-----6--","RL","0901",,"5543N 00954E",
,"DK","AAI","Oelsted","Oelsted","84","-----6--","RL","0901",,"5555N 12043E",
,"DK","AAJ","Ebberup","Ebberup","83","-----6--","RL","0901",,"5514N 00958E",
,"DK","AAK","Fanoe","Fanoe","83","-----6--","RL","0901",,"5526N 00823E",
"¦","DK","AAL","Aalborg","Aalborg","81","12345---","AA","2307",,"5702N 09055E","@Sta@Sub@Coo"
,"DK","AAM","Fakse","Fakse","85","-----6--","RL","0901",,"5515N 01208E",
,"DK","AAN","Glesborg","Glesborg","82","-----6--","RL","0901",,"5629N 01044E",
,"DK","AAO","Hurup Thy","Hurup Thy","82","-----6--","RL","0901",,"5645N 00825E",
,"DK","AAP","Aarup","Aarup",,"-23-----","AF","9606",,,
,"DK","AAR","Aarhus","Aarhus","82","12345---","AF","1301",,"5609N 01013E",
,"DK","AAS","Vorbasse","Vorbasse","83","-----6--","RL","0901",,"5538N 00905E",
,"DK","AAT","Lystrup","Lystrup","82","-----6--","RL","0901",,"5630N 01029E",
,"DK","AAU","Langholt","Langholt","81","-----6--","RL","0901",,"5706N 01005E",
,"DK","AAV","Oure","Oure","83","-----6--","RL","0901",,"5507N 01044E",
,"DK","AAW","Oelgod","Oelgod","83","-----6--","RL","0901",,"5549N 00837E",
,"DK","AAZ","Reersoe","Reersoe","85","-----6--","RL","0901",,"5447N 01138E",
,"DK","ABA","Sønder Bjert","Sonder Bjert","83","-----6--","RL","0901",,"5515N 01124E",
,"DK","ABB","Stilling","Stilling","82","-----6--","RL","0901",,"5604N 01000E",
,"DK","ABE","Auning","Auning","82","-----6--","RL","0901",,"5626N 01023E",
,"DK","ABJ","Kirke Hyllinge","Kirke Hyllinge","85","-----6--","RL","0901",,"5542N 01155E",
,"DK","ABK","Ålebæk","Alebak","81","--3-----","RL","1301",,"5701N 01016E",
,"DK","ABT","Albertslund","Albertslund",,"0-------","RQ","9307",,,
,"DK","ABY","Askeby","Askeby","83","--3-----","RL","0907",,"5531N 01013E",
,"DK","ADN","Arden","Arden",,"--3-----","RL","0101",,,
,"DK","AED","Agedrup","Agedrup","83","--3-----","RL","1401",,"5525N 01030E",
,"DK","AEY","Aalestrup","Aalestrup",,"-23-----","AF","9606",,,
,"DK","AGD","Agerbæk","Agerbak","83","--3-----","RL","1301",,"5536N 00848E",
,"DK","AGE","Allinge","Allinge",,"1-3-----","RL","0701",,"5516N 01448E",
,"DK","AGH","Agger Havn","Agger Havn",,"1-3-----","AF","9606",,,
,"DK","AGO","Agersø","Agerso",,"1-------","AI","9812",,,
,"DK","AGR","Agerskov","Agerskov","82","--3-----","RL","0907",,"5625N 00919E",
,"DK","AHJ","Åbyhøj/Århus","Abyhoj/Arhus",,"-23-----","RL","0607",,"5608N 01010E",
,"DK","AK3","Åkirkeby","Akirkeby","84","1-3-----","RL","1401",,"5504N 01456E",
,"DK","ALL","Allerod","Allerod","84","--3-----","RL","1601",,"5552N 01223E",
,"DK","ALM","Almind","Almind","82","--3-----","RL","0907",,"5622N 00924E",
,"DK","ALN","Allingåbro","Allingabro",,"--3-----","RQ","9501",,,
,"DK","ALS","Ålsgårde","Alsgarde","84","-23-----","RL","0907",,"5605N 01233E",
,"DK","ALV","Allerslev","Allerslev","85","--3-----","RL","0907",,"5505N 01203E",
,"DK","ANB","Ans by","Ans by",,"--3-----","RQ","9705",,,
,"DK","ANH","Anholt","Anholt",,"1-------","AI","9704",,,
,"DK","ANS","Ansager","Ansager",,"--3-----","RQ","9501",,,
,"DK","ARD","Årosund","Arosund",,"1-------","AI","0212",,"5515N 00943E",
,"DK","ARK","Ærøskøbing","Aroskobing",,"1-------","RQ","9402",,,
,"DK","ARL","Årslev","Arslev","83","-23-----","RL","0907",,"5518N 01029E",
,"DK","ARO","Åro","Aro","83","1-------","AI","1301",,"5516N 00945E",
,"DK","ARR","Arre","Arre",,"-----6--","RL","0901",,"5534N 00840E",
,"DK","ASA","Asaa","Asaa",,"1-3-----","RL","0307",,"5709N 01025E",
,"DK","ASE","Asperup","Asperup","83","--3-----","RL","0907",,"5529N 00955E",
,"DK","ASH","Aggersund","Aggersund",,"1-------","RQ","9402",,,
,"DK","ASK","Askø","Asko",,"1-------","AI","9812",,,
,"DK","ASN","Assens","Assens",,"12------","AF","9606",,,
,"DK","ASP","Allestrup","Allestrup",,"--3-----","RL","0201",,"5627N 01024E",
,"DK","ASS","Asnæs","Asnas",,"--3-----","RQ","0101",,,
,"DK","ASV","Asnæsværkets Havn","Asnasvarkets Havn",,"1-------","AI","9704",,,
,"DK","AUB","Augustenborg","Augustenborg",,"1-------","AI","9704",,,
,"DK","AVE","Avedøreværkets Havn","Avedorevarkets Havn",,"1-------","RQ","9402",,,
,"DK","AVK","Avernak By","Avernak By",,"1-------","AI","0212",,"5502N 01016E",
,"DK","AVL","Avlum","Avlum","82","--3-----","RL","1301",,"5615N 00847E",
,"DK","AVN","Avernakke Havn","Avernakke Havn","83","1-------","RQ","1001",,"5518N 01047E",
,"DK","AYB","Åbybro","Abybro",,"--3-----","RL","0212",,"5709N 00945E",
,"DK","AZS","Aars","Aars",,"--3-----","AF","9606",,,
,"DK","BAG","Bagenkop","Bagenkop",,"1-------","AI","9704",,,
,"DK","BAL","Ballen","Ballen",,"1-------","RL","0901",,"5549N 01039E",
,"DK","BBG","Bøvlingbjerg","Bovlingbjerg",,"1-3-----","RL","0601",,"5626N 00812E",
,"DK","BBY","Brobyvark","Brobyvark","83","-23-----","RL","1301",,"5514N 01015E",
,"DK","BDD","Bedsted","Bedsted","83","--3-----","RL","1301",,"5503N 00906E",
,"DK","BDE","Branderup","Branderup",,"--3-----","RQ","0607",,"5507N 00904E",
,"DK","BDG","Bording","Bording",,"--3-----","RQ","9501",,,
,"DK","BDX","Bandholm","Bandholm",,"1-------","AI","9704",,,
,"DK","BDY","Brody","Brody",,"0-------","RQ","9705",,,
,"DK","BED","Beder","Beder","82","--3-----","RL","1301",,"5604N 01013E",
,"DK","BEL","Bellinge","Bellinge",,"0-------","RQ","9307",,,
,"DK","BES","Bedsted","Bedsted","81","--3-----","RQ","0907",,"5649N 00825E",
,"DK","BEV","Bevtoft","Bevtoft",,"--3-----","RQ","0907",,"5512N 00913E",
,"DK","BGO","Baagø","Baago",,"1-------","AI","9812",,,
,"DK","BGR","Brejning","Brejning","83","-----6--","RL","1307",,"5540N 00941E",
,"DK","BGS","Bagsværd","Bagsvard",,"0-------","RQ","9307",,,
,"DK","BGZ","Bogense","Bogense",,"1-3-----","RL","0701",,"5534N 01005E",
,"DK","BHL","Bornholm","Bornholm","84","--3-----","RL","1601",,"5508N 01455E",
,"DK","BID","Bindslev","Bindslev",,"--3-----","RQ","9705",,,
,"DK","BIL","Billum","Billum",,"--3-----","RQ","0907",,"5537N 00820E",
,"DK","BIR","Birkerod","Birkerod",,"--3-----","RL","0212",,"5550N 01226E",
,"DK","BJB","Bjerringbro","Bjerringbro",,"--3-----","RQ","9501",,,
,"DK","BJE","Bjert Strand","Bjert Strand",,"--3-----","RL","0201",,"5526N 00936E",
,"DK","BJR","Bjert","Bjert","83","--3-----","RL","1707",,"5525N 00936E",
,"DK","BKH","Blokhus","Blokhus",,"--3-----","RL","0201",,"5715N 00935E",
,"DK","BKK","Bække","Bakke",,"--3-----","RL","0907",,"5534N 00909E",
,"DK","BKM","Bækmarksbro","Bakmarksbro","82","-23-----","RL","0907",,"5625N 00819E",
,"DK","BKP","Borkop","Borkop",,"--3-----","RL","0307",,"5538N 00938E",
,"DK","BKT","Birket","Birket","85","--3-----","RL","1601",,"5454N 01121E",
,"DK","BLA","Blavand","Blavand",,"1----6--","RL","0901",,"5533N 00808E",
,"DK","BLB","Ballebro","Ballebro",,"1-------","AI","9812",,,
,"DK","BLE","Balle","Balle",,"--3-----","RQ","0907",,"5618N 01016E",
,"DK","BLG","Balling","Balling",,"--3-----","RQ","9705",,,
,"DK","BLL","Billund","Billund",,"---4----","AI","9601",,,
,"DK","BLN","Blans","Blans",,"0-------","RQ","9307",,,
,"DK","BLP","Ballerup","Ballerup",,"--3-----","RQ","9705",,,
,"DK","BLU","Baelum","Baelum",,"1-3--6--","RL","0601",,"5649N 01006E",
,"DK","BMG","Bramming","Bramming",,"-23-----","RQ","9705",,,
,"DK","BML","Blommenslyst","Blommenslyst",,"--3-----","RL","0901",,"5523N 01016E",
,"DK","BOE","Boeslunde","Boeslunde",,"--3-----","RQ","0907",,"5518N 01117E",
,"DK","BOG","Bogo By","Bogo By",,"1-------","AI","0212",,"5456N 01203E",
,"DK","BOL","Bolderslev","Bolderslev",,"--3-----","RQ","0907",,"5459N 00918E",
,"DK","BOR","Borup","Borup",,"--3-----","RQ","9501",,,
,"DK","BOS","Bøjden","Bojden",,"1-3-----","RL","0701",,"5506N 01005E",
,"DK","BOY","Broby Overdrev","Broby Overdrev",,"--3--6--","RL","0701",,"5524N 01136E",
,"DK","BRA","Brande","Brande",,"--3-----","RQ","9501",,,
,"DK","BRB","Brabrand","Brabrand",,"1-------","RQ","9307",,,
,"DK","BRD","Bredsten","Bredsten",,"--3-----","RQ","9501",,"5542N 00922E",
,"DK","BRE","Bredebro","Bredebro",,"--3-----","RQ","9501",,,
,"DK","BRG","Broager","Broager",,"--3-----","RQ","0907",,"5453N 00941E",
,"DK","BRH","Branden Havn","Branden Havn",,"1-------","AI","9704",,,
,"DK","BRK","Birkum","Birkum",,"--3--6--","RL","1207",,"5520N 01031E",
,"DK","BRL","Branderslev","Branderslev",,"--3-----","RL","0901",,"5452N 01108E",
,"DK","BRN","Bronshoj","Bronshoj",,"--3-----","RQ","0907",,"5542N 01231E",
,"DK","BRO","Brønderslev","Bronderslev","81","-23-----","RL","1301",,"5716N 00957E",
,"DK","BRP","Brørup","Brorup",,"--3-----","RQ","9501",,,
,"DK","BRR","Borre","Borre",,"--3-----","RQ","0907",,"5538N 00818E",
,"DK","BRS","Burso","Burso","85","-----6--","RQ","1007",,"5444N 01130E",
,"DK","BRT","Brovst","Brovst",,"--3-----","RL","9806",,,
,"DK","BRU","Brenderup, Ejby","Brenderup, Ejby",,"--3-----","RQ","0607",,"5528N 00958E",
,"DK","BRV","Brandelev","Brandelev",,"--3-----","RQ","0907",,"5513N 01153E",
,"DK","BRY","Brøndby","Brondby",,"0-------","RQ","9307",,,
,"DK","BST","Brondby Strand","Brondby Strand",,"--3-----","RQ","0907",,"5537N 01221E",
,"DK","BSU","Braedstrup","Braedstrup",,"--3-----","RL","0701",,"5558N 00936E",
,"DK","BTP","Bostrup","Bostrup",,"0-------","RQ","9307",,,
,"DK","BUP","Broderup","Broderup",,"--3-----","RL","0201",,"5453N 00915E",
,"DK","BYL","Bylderup","Bylderup",,"--3-----","RQ","9705",,,
,"DK","CNL","Sindal","Sindal",,"--3-----","RL","0201",,"5727N 01012E",
,"DK","CPH","København","Kobenhavn","84","12345---","AF","1301",,"5540N 01235E",
,"DK","CSF","Christiansfeld","Christiansfeld",,"--3-----","RL","0201",,"5221N 00929E",
,"DK","CSO","Christiansø Havn","Christianso Havn","84","1-------","AA","1207",,"5519N 01511E",
"=","DK",,"Copenhagen = København","Copenhagen = Kobenhavn",,,,,,,
,"DK","DAL","Dalmose","Dalmose","85","-23-----","RL","1301",,"5517N 01125E",
,"DK","DAN","Cementfabriken Dania","Cementfabriken Dania",,"1-------","AI","9704",,,
,"DK","DAS","Dansk Salts Havn","Dansk Salts Havn",,"1-------","RQ","9402",,,
,"DK","DAU","Daugard","Daugard",,"--3-----","RQ","0907",,"5544N 00943E",
,"DK","DGP","Gadstrup","Gadstrup",,"--3-----","RQ","0901",,"5534N 01206E",
,"DK","DIA","Dianalund","Dianalund","85","-23-----","RL","1301",,"5531N 01129E",
,"DK","DKA","Rodkaersbro","Rodkaersbro","82","--3-----","RL","1601",,"5621N 00931E",
,"DK","DKD","Dokkedal","Dokkedal",,"--3-----","RQ","9501",,,
,"DK","DLB","Dalby","Dalby",,"--3-----","RQ","9705",,,
,"DK","DLD","Dronninglund","Dronninglund","81","--3-----","RL","1301",,"5709N 01017E",
,"DK","DN6","Dannemare","Dannemare","85","1-3-----","RL","1401",,"5445N 01112E",
,"DK","DRA","Dragør","Dragor",,"1-------","RL","8401",,,
,"DK","DRN","Dronningmolle","Dronningmolle",,"--3-----","RQ","0907",,"5606N 01224E",
,"DK","DRO","Dronningborg","Dronningborg",,"--3-----","RL","0901",,"5629N 01005E",
,"DK","DRP","Durup","Durup",,"--3-----","RQ","9705",,,
,"DK","DRS","Drosby","Drosby",,"0-------","RQ","9307",,,
,"DK","DYB","Dybvad","Dybvad",,"--3-----","RQ","0907",,"5717N 01022E",
,"DK","DYS","Dyssegard","Dyssegard",,"1----6--","RL","1201",,"5544N 01232E",
,"DK","EBJ","Esbjerg","Esbjerg",,"1234----","AF","9606",,,
,"DK","EBT","Ebeltoft","Ebeltoft",,"1-------","RQ","9506",,,
,"DK","EDL","Endelave","Endelave",,"1-------","AI","9704",,,
,"DK","EGA","Egå","Ega","82","-23--6--","RL","1301",,"5612N 01015E",
,"DK","EGN","Egense","Egense",,"1-------","AI","0002",,,
,"DK","EGV","Egtved","Egtved",,"--3-----","RL","0201",,"5537N 00918E",
,"DK","EJS","Ejstrup","Ejstrup",,"--3-----","RQ","9705",,,
,"DK","EJY","Ejby","Ejby",,"--3-----","RQ","9501",,,
,"DK","EK4","Eskilstrup","Eskilstrup","85","1-3-----","RL","1401",,"5551N 01138E",
,"DK","END","Egernsund","Egernsund",,"1-3-----","AI","9704",,,
,"DK","ENH","Ebenhausen","Ebenhausen",,"--3-----","RQ","0901",,,
,"DK","ENS","Enstedværket Havn","Enstedvarket Havn",,"1-------","AI","0212",,"5501N 00926E",
,"DK","ENV","Engesvang","Engesvang",,"--3-----","RQ","9501",,,
,"DK","EOT","Styrtom","Styrtom",,"1-------","RL","1201",,"5501N 00926E",
,"DK","ERR","Errindlev","Errindlev",,"--3-----","RQ","0907",,"5440N 01130E",
,"DK","ERS","Erslev","Erslev",,"--3-----","RQ","0907",,"5622N 01005E",
,"DK","ESK","Eskebjerg","Eskebjerg",,"--3-----","RQ","0907",,"5543N 01119E",
,"DK","ESP","Espergærde","Espergarde","84","--3-----","RL","1301",,"5559N 01234E",
,"DK","ETH","Ejstrupholm","Ejstrupholm","83","--3-----","RL","0901",,"5559N 00917E",
,"DK","FAA","Faaborg","Faaborg",,"1-------","RL","8401",,,
,"DK","FAK","Fakse Ladeplads Havn","Fakse Ladeplads Havn",,"1-------","AI","9704",,,
,"DK","FBG","Frederiksberg","Frederiksberg",,"--3-----","RQ","9501",,,
,"DK","FDH","Frederikshavn","Frederikshavn",,"12------","AF","9606",,,
,"DK","FDS","Frederikssund","Frederikssund","84","123-----","AF","1301",,"5550N 01204E","Frederiksund"
,"DK","FDV","Frederiksværk","Frederiksvark",,"12------","AF","9606",,,
,"DK","FEJ","Fejø","Fejo",,"1-------","AI","9704",,,
,"DK","FER","Ferritslev","Ferritslev",,"1-3-----","RL","0601",,"5518N 01035E",
,"DK","FGS","Feggesund","Feggesund",,"1-------","AI","9812",,,
,"DK","FJE","Fjenneslev","Fjenneslev",,"--3-----","RQ","0907",,"5526N 01140E",
,"DK","FJV","Fjerritslev","Fjerritslev",,"--3-----","RQ","9705",,,
,"DK","FMK","Fensmark","Fensmark","85","--3-----","RL","1601",,"5517N 01149E",
,"DK","FMM","Flemming","Flemming",,"--3-----","RQ","0907",,"5552N 00940E",
,"DK","FMO","Femø","Femo",,"1-------","AI","9812",,,
,"DK","FNS","Fornæs","Fornas",,"--3-----","RQ","9811",,,
,"DK","FOL","Follenslev","Follenslev",,"--3-----","RQ","0907",,"5543N 01122E",
,"DK","FOV","Fovling","Fovling",,"--3-----","RQ","0907",,"5556N 00938E",
,"DK","FRA","Fraugde","Fraugde","83","--3-----","RL","1301",,"5521N 01029E",
,"DK","FRC","Fredericia","Fredericia",,"12--5---","AF","9606",,,
,"DK","FRE","Fredensborg","Fredensborg",,"-23-----","AF","9606",,,
,"DK","FRK","Føvling","Fovling","83","1-3-----","RL","1401",,"5527N 00857E",
,"DK","FRM","Farum","Farum",,"--3-----","RQ","9705",,,
,"DK","FRO","Frorup","Frorup",,"--3-----","RQ","0907",,"5522N 00924E",
,"DK","FRS","Frostrup","Frostrup",,"--3-----","RQ","0907",,"5544N 00825E",
,"DK","FSO","Farsø","Farso",,"--3-----","RQ","9705",,,
,"DK","FUG","Fuglebjerg","Fuglebjerg","85","--3-----","RL","1301",,"5518N 01132E",
,"DK","FUH","Fur","Fur",,"1-------","AI","9704",,,
,"DK","FUP","Faarup","Faarup",,"--3-----","RQ","9705",,,
,"DK","FVG","Faarvang","Faarvang",,"--3-----","RQ","9705",,,
,"DK","FVJ","Faarevejle","Faarevejle",,"--3-----","RQ","9705",,,
,"DK","FYH","Fynshav","Fynshav",,"1-3-----","AI","0207",,"5458N 00958E",
,"DK","GAN","Gandrup","Gandrup",,"--3-----","RQ","0907",,"5644N 00950E",
,"DK","GBJ","Gadbjerg","Gadbjerg",,"-23-----","RL","0701",,"5546N 00919E",
,"DK","GBY","Gamby","Gamby",,"0-------","RQ","9307",,,
,"DK","GDB","Guldborg","Guldborg",,"--3-----","RQ","0907",,"5452N 01145E",
,"DK","GDM","Gudhjem","Gudhjem",,"1-3-----","RL","0701",,"5513N 01458E",
,"DK","GDS","Gedsted","Gedsted",,"--3-----","RQ","9705",,,
,"DK","GDV","Gedved","Gedved","82","--3-----","RL","1301",,"5556N 00950E",
,"DK","GED","Gedser","Gedser",,"12------","RL","8401",,,
,"DK","GES","Gesten","Gesten",,"--3-----","RQ","0907",,"5531N 00912E",
,"DK","GFE","Gentofte","Gentofte","84","--3-----","RL","1601",,"5545N 01233E",
,"DK","GFH","Gulfhavn","Gulfhavn",,"1-------","AI","9704",,,
,"DK","GIL","Gislev","Gislev",,"--3-----","RQ","0907",,"5513N 01037E",
,"DK","GIS","Gislinge","Gislinge",,"-23-----","RL","0701",,"5544N 01132E",
,"DK","GIV","Give","Give",,"--3-----","RQ","9501",,,
,"DK","GJN","Gjern","Gjern",,"--3-----","RQ","9705",,,
,"DK","GJR","Gjerlev","Gjerlev",,"--3-----","RQ","9705",,,
,"DK","GJS","Gjessing","Gjessing",,"0-------","RQ","9307",,,
,"DK","GLB","Glejbjerg Stationsby","Glejbjerg Stationsby","83","--3-----","RL","1301",,"5534N 00850E",
,"DK","GLD","Gelsted","Gelsted",,"--3-----","RL","0201",,"5524N 00957E",
,"DK","GLE","Gilleleje","Gilleleje",,"--3-----","RL","9811",,,
,"DK","GLJ","Glejbjerg","Glejbjerg","83","--3-----","RL","1301",,"5533N 00850E",
,"DK","GLM","Glamsbjerg","Glamsbjerg",,"--3-----","RQ","9501",,,
,"DK","GLO","Ganløse","Ganlose","84","--3-----","RL","1401",,"5547N 01216E",
,"DK","GLS","Glostrup","Glostrup",,"--3-----","RQ","9501",,,
,"DK","GLT","Galten","Galten",,"--3-----","RQ","9501",,,
,"DK","GLU","Glumso","Glumso",,"--3-----","RQ","0907",,"5521N 01142E",
,"DK","GLV","Gørlev","Gorlev","85","--3-----","RL","1301",,"5532N 01113E",
,"DK","GLX","Gladsaxe","Gladsaxe","84","--3-----","RL","1601",,"5544N 01229E",
,"DK","GLY","Glyngøre","Glyngore",,"1-------","RL","8401",,,
,"DK","GNN","Grønninghoved","Gronninghoved",,"--3-----","RQ","0901",,"5514N 00956E",
,"DK","GRA","Gråsten","Grasten",,"1-------","AI","9704",,,
,"DK","GRD","Gredstedbro","Gredstedbro",,"--3-----","RQ","9501",,,
,"DK","GRE","Grenaa","Grenaa",,"123-----","AF","9606",,,
,"DK","GRG","Gording","Gording",,"--3-----","RL","0212",,"5529N 00848E",
,"DK","GRI","Grimstrup","Grimstrup",,"--3-----","RQ","9501",,,
,"DK","GRL","Gørløse","Gorlose",,"--3-----","RL","0901",,"5553N 01212E",
,"DK","GRM","Gram","Gram","83","--3-----","RL","0901",,"5517N 00920E",
,"DK","GRN","Grindsted","Grindsted",,"--3-----","RQ","9501",,,
,"DK","GRO","Gronhoj","Gronhoj","81","--3-----","RL","1707",,"5719N 00940E",
,"DK","GRS","Græsted","Grasted",,"--3-----","RL","0212",,"5604N 01217E",
,"DK","GRV","Greve","Greve",,"--3-----","RL","0201",,"5535N 01214E",
,"DK","GSP","Gistrup","Gistrup","81","--3--6--","RL","1301",,"5659N 00959E",
,"DK","GTS","Glatved Strand","Glatved Strand","82","1-------","RL","0901",,"5618N 10519E",
,"DK","GUD","Gudbjerg","Gudbjerg",,"--3-----","RQ","9501",,,
,"DK","GUM","Gudme","Gudme",,"--3-----","RQ","0907",,"5509N 01043E",
,"DK","GVS","Grævinge","Gravinge","85","-23-----","RL","1301",,"5548N 01133E",
,"DK","HAA","Hårlev","Harlev","85","-23-----","RL","1301",,"5520N 01214E",
,"DK","HAD","Haderslev","Haderslev",,"1-------","AI","9704",,,
,"DK","HAN","Hanstholm","Hanstholm",,"1-3-----","AI","9704",,,
,"DK","HAP","Havdrup","Havdrup","85","-2------","RL","1301",,"5532N 01206E",
,"DK","HAR","Harpelunde","Harpelunde",,"--3-----","RQ","0907",,"5453N 01106E",
,"DK","HAS","Hals","Hals",,"1-------","AI","0201",,,
,"DK","HAU","Harndrup","Harndrup",,"--3-----","RQ","0907",,"5528N 01002E",
,"DK","HAV","Havndal","Havndal",,"--3-----","RQ","0907",,"5639N 01012E",
,"DK","HBA","Humlebæk","Humlebak",,"123-----","RL","0701",,"5558N 01231E",
,"DK","HBG","Houborg","Houborg",,"0-------","RQ","9307",,,
,"DK","HBK","Holbæk","Holbak",,"1-------","AI","9704",,,
,"DK","HBL","Humble","Humble",,"--3-----","RL","0901",,"5450N 01042E",
,"DK","HBO","Hobro","Hobro",,"1-------","AI","9704",,,
,"DK","HBR","Harboør","Harboor",,"-23-----","RL","0207",,"5637N 00811E",
,"DK","HBY","Haarby","Haarby",,"0-------","RQ","9307",,,
,"DK","HDH","Hardeshøj","Hardeshoj",,"1-------","AI","9812",,,
,"DK","HDP","Haderup","Haderup","82","--3-----","RL","1301",,"5623N 00859E",
,"DK","HDS","Hadsten","Hadsten",,"--3-----","RQ","9501",,,
,"DK","HED","Hedensted","Hedensted",,"--3-----","RQ","9501",,,
,"DK","HEJ","Hejls","Hejls","83","1-------","RL","1401",,"5523N 00936E",
,"DK","HEL","Helsinge","Helsinge",,"--3-----","RQ","0101",,,
,"DK","HEM","Hemmet","Hemmet",,"--3-----","RQ","0907",,"5551N 00823E",
,"DK","HEN","Henne","Henne",,"--3-----","RQ","0907",,"5544N 00815E",
,"DK","HER","Herning","Herning",,"1-------","RL","8401",,,
,"DK","HEU","Herlufmagle","Herlufmagle",,"--3-----","RQ","0907",,"5519N 01146E",
,"DK","HFE","Herfølge","Herfolge",,"--3-----","RL","0004",,,
,"DK","HGL","Hogelund","Hogelund",,"--3-----","RL","0212",,"5512N 00921E",
,"DK","HHM","Hørsholm","Horsholm",,"--3-----","RL","9811",,,
,"DK","HHS","Hedehusene","Hedehusene","84","--3-----","RL","1607",,"5539N 12120E",
,"DK","HHV","Hammerhavn","Hammerhavn",,"1-------","RL","0901",,"5517N 01445E",
,"DK","HIL","Hillerod","Hillerod",,"--3-----","RL","0212",,"5556N 01219E",
,"DK","HIR","Hirtshals","Hirtshals",,"1-------","AI","9704",,,
,"DK","HJ3","Højby","Hojby","85","1-3-----","RL","1401",,"5520N 01027E",
,"DK","HJA","Hjallerup","Hjallerup","81","--3-----","RL","1401",,"5710N 01009E",
,"DK","HJB","Højbjerg","Hojbjerg",,"0-------","RQ","0201",,,
,"DK","HJE","Højer","Hojer",,"--3-----","RQ","9705",,,
,"DK","HJG","Hjørring","Hjorring","81","--3-----","RL","1301",,"5727N 00959E",
,"DK","HJM","Hjerm","Hjerm","82","--3-----","RL","1301",,"5626N 00838E",
,"DK","HJN","Hejnsvig","Hejnsvig",,"--3-----","RQ","0907",,"5541N 00859E",
,"DK","HJT","Hjerting","Hjerting",,"1-3-----","RL","0307",,"5531N 00822E",
,"DK","HKV","Halsskov","Halsskov",,"--3-----","RL","9811",,,
,"DK","HLE","Hellested","Hellested",,"--3-----","RQ","9501",,,
,"DK","HLG","Hesselager","Hesselager",,"--3-----","RQ","0907",,"5510N 01045E",
,"DK","HLM","Holmegaard","Holmegaard","85","--3-----","RL","1707",,"5516N 01150E",
,"DK","HLS","Helsingør","Helsingor",,"12------","AF","9606",,,
,"DK","HLV","Harlev","Harlev","82","--3-----","RL","1301",,"5608N 00959E",
,"DK","HME","Hammel","Hammel",,"--3-----","RQ","9501",,,
,"DK","HNB","Havneby","Havneby",,"1-------","AI","9704",,,
,"DK","HND","Hundslund","Hundslund",,"--3-----","RQ","0907",,"5555N 01004E",
,"DK","HNG","Høng","Hong","85","--3-----","RL","1301",,"5531N 01117E",
,"DK","HNN","Hinnerup","Hinnerup",,"-2------","RQ","9705",,,
,"DK","HNS","Hornslet","Hornslet",,"--3-----","RQ","0901",,"5619N 01020E",
,"DK","HOB","Horbelev","Horbelev",,"--3-----","RQ","0907",,"5449N 01204E",
,"DK","HOE","Holte","Holte",,"--3-----","QQ","0212",,,
,"DK","HOH","Hou Havn","Hou Havn",,"1-------","AI","9704",,,
,"DK","HOJ","Hojslev","Hojslev",,"--3-----","RQ","0907",,"5635N 00909E",
,"DK","HOL","Holeby","Holeby",,"--3-----","RQ","9501",,,
,"DK","HOM","Holmegård","Holmegard",,"--3-----","RQ","0901",,"5515N 01155E",
,"DK","HON","Hornbæk","Hornbak",,"--3-----","RQ","0901",,,
,"DK","HOO","Holme-Olstrup","Holme-Olstrup","85","-2------","RL","1301",,"5515N 01150E",
,"DK","HOR","Horsens","Horsens",,"1-------","AI","9704",,,
,"DK","HOS","Horslunde","Horslunde",,"--3-----","RQ","0907",,"5454N 01114E",
,"DK","HOV","Hovedgård","Hovedgard","82","-23-----","RL","1301",,"5557N 00958E",
,"DK","HPN","Hampen","Hampen",,"-----6--","RL","0601",,"5601N 00921E",
,"DK","HRE","Hørve","Horve",,"--3-----","RL","0901",,"5545N 01128E",
,"DK","HRN","Hørning","Horning",,"--3-----","RQ","9501",,,
,"DK","HRP","Hellerup","Hellerup",,"--3-----","RL","0002",,,
,"DK","HRS","Herskind","Herskind",,"--3-----","RQ","0901",,,
,"DK","HRU","Hørup","Horup",,"--3-----","RL","0002",,,
,"DK","HRV","Herlev","Herlev",,"--3-----","RQ","9705",,,
,"DK","HSB","Holstebro","Holstebro",,"1-------","RL","8401",,,
,"DK","HSD","Høve Strand","Hove Strand","85","--3-----","RL","1301",,"5550N 01129E",
,"DK","HSE","Hunseby","Hunseby",,"--3-----","RQ","0901",,,
,"DK","HSL","Hasle","Hasle",,"1-------","AI","9704",,,
,"DK","HSS","Hasselager","Hasselager",,"0-------","RQ","9307",,,
,"DK","HST","Holsted","Holsted",,"--3-----","RQ","9705",,,
,"DK","HSU","Hadsund","Hadsund","81","1-3-----","AI","1301",,"5643N 01006E",
,"DK","HSV","Haslev","Haslev",,"-23-----","AF","9606",,,
,"DK","HSY","Hornsyld","Hornsyld",,"--3-----","RL","0701",,"5545N 00952E",
,"DK","HTP","Høje Tåstrup","Hoje Tastrup",,"-23-----","RL","0901",,"5539N 01217E",
,"DK","HTT","Hatting","Hatting",,"-2------","RQ","9705",,,
,"DK","HUN","Hundested","Hundested",,"123-----","AF","9606",,,
,"DK","HUR","Hurup","Hurup",,"--3-----","RQ","9501",,,
,"DK","HVA","Hvalpsund","Hvalpsund",,"1-------","AI","9704",,,
,"DK","HVB","Hovborg","Hovborg",,"--3-----","RQ","0901",,"5536N 00857E",
,"DK","HVG","Havnegade","Havnegade",,"0-------","RQ","9307",,,
,"DK","HVI","Hvims","Hvims","83","--3-----","RQ","1401",,"5529N 00840E",
,"DK","HVL","Hvalsø","Hvalso","85","--3--6--","RL","0901",,"5536N 01151E",
,"DK","HVN","Havnsø","Havnso",,"1-------","AI","9704",,,
,"DK","HVS","Hvide Sande","Hvide Sande",,"1-3-----","RL","0607",,"5559N 00808E",
,"DK","HVT","Hellebæk","Hellebak","81","1-3-----","RL","1301",,"5604N 01234E",
,"DK","HVV","Hvidovre","Hvidovre",,"--3-----","RQ","9705",,,
,"DK","HWO","Hov","Hov",,"1-------","RQ","0901",,"5555N 01015E",
,"DK","HYL","Hyllinge","Hyllinge","85","--3-----","RL","1401",,"5516N 01137E",
,"DK","IDE","Idestrup","Idestrup",,"--3-----","RQ","0907",,"5444N 01158E",
,"DK","IKA","Ikast","Ikast",,"-23-----","AF","9606",,,
,"DK","ISJ","Ishøj","Ishoj",,"0-------","RQ","9307",,,
,"DK","JAE","Jægersborg","Jagersborg","84","--3-----","RL","1301",,"5546N 01233E",
,"DK","JAN","Janderup","Janderup",,"--3-----","RQ","0907",,"5537N 00823E",
,"DK","JEL","Jelling","Jelling","83","1-------","RL","1401",,"5545N 00926E",
,"DK","JER","Jerslev","Jerslev","85","--3-----","RL","1301",,"5536N 01114E",
,"DK","JGP","Jægerspris","Jagerspris","84","--3-----","RL","1401",,"5551N 01159E",
,"DK","JOK","Hjortshøj","Hjortshoj","82","--3-----","RL","1301",,"5614N 01015E",
,"DK","JOR","Jordrup","Jordrup",,"--3-----","RQ","0907",,"5533N 00919E",
,"DK","JRD","Jordløse","Jordlose",,"--3-----","RQ","9705",,,
,"DK","JRP","Jyderup","Jyderup",,"-23-----","RL","9806",,,
,"DK","JSD","Jersie Strand","Jersie Strand","85","--3-----","RL","1301",,"5531N 01213E",
,"DK","JSL","Jerslev","Jerslev","81","--3-----","RL","1301",,"5717N 01005E",
,"DK","JUE","Juelsminde","Juelsminde","82","1-------","AI","1301",,"5542N 01001E",
,"DK","JUP","Jerup","Jerup",,"--3-----","RQ","0907",,"5732N 01026E",
,"DK","JYL","Jyllinge","Jyllinge","85","--3-----","RL","1301",,"5545N 01206E",
,"DK","JYS","Jystrup","Jystrup",,"--3-----","RQ","0907",,"5531N 01153E",
,"DK","KAB","Karby","Karby",,"--3-----","RQ","0907",,"5645N 00834E",
,"DK","KAG","Kagerup","Kagerup","84","--3-----","RL","1401",,"5600N 01216E",
,"DK","KAI","Karise","Karise",,"--3-----","RQ","0907",,"5518N 01213E",
,"DK","KAL","Kalundborg","Kalundborg",,"12------","AF","9606",,,
,"DK","KAR","Karlslunde","Karlslunde","85","1-3-----","RL","1301",,"5534N 01213E",
,"DK","KAV","Kalvehave","Kalvehave",,"--3-----","RQ","0907",,"5500N 01210E",
,"DK","KBG","Klintebjerg","Klintebjerg","83","1-3-----","RQ","1001",,"5529N 01027E",
,"DK","KBK","Karrebæksminde","Karrebaksminde","85","1-3-----","RL","0907",,"5511N 01140E",
,"DK","KBY","Kyndbyvaerkets Havn","Kyndbyvaerkets Havn",,"1-------","AI","9704",,,
,"DK","KDM","Kollund Mole","Kollund Mole",,"1-3-----","AA","0607",,"5420N 00927E",
,"DK","KEP","Kirke-Eskilstrup","Kirke-Eskilstrup",,"--3-----","RL","9806",,,
,"DK","KGL","Kongsdal Harbour","Kongsdal Harbour",,"1-------","RL","0901",,"5642N 01004E",
,"DK","KHV","Knudshoved","Knudshoved",,"1-------","RQ","0407",,,
,"DK","KIB","Kibæk","Kibak",,"--3-----","RQ","9501",,,
,"DK","KII","Saint Kilian","Saint Kilian","81","1-------","RQ","1401",,,
,"DK","KJE","Kjellerup","Kjellerup",,"--3-----","RQ","9501",,,
,"DK","KK4","Åbybro","Abybro","81","1-3-----","RL","1401",,"5709N 00945E",
,"DK","KKK","Kokkedal","Kokkedal",,"--3-----","RQ","0907",,"5554N 01231E",
,"DK","KLA","Klampenborg","Klampenborg","84","--3-----","RL","1401",,"5546N 01236E",
,"DK","KLD","Kolind","Kolind",,"-23-----","RL","0701",,"5622N 01035E",
,"DK","KLE","Klemensker","Klemensker",,"--3-----","RQ","0907",,"5510N 01449E",
,"DK","KLH","Klintholm Havn","Klintholm Havn","85","1-------","AA","1801",,"5757N 01228E",
,"DK","KLI","Klippinge","Klippinge",,"--3-----","RQ","0907",,"5521N 01220E",
,"DK","KLP","Kleppen","Kleppen","82","1-3-----","AA","1301",,"5632N 00835E",
,"DK","KLR","Klarup","Klarup",,"--3-----","RQ","0907",,"5701N 01003E",
,"DK","KNB","Knebel","Knebel",,"--3-----","RQ","9501",,,
,"DK","KOG","Køge","Koge",,"12------","AF","9606",,,
,"DK","KOK","Kolby Kås","Kolby Kas","82","1-------","AI","1301",,"5548N 01033E",
,"DK","KOL","Kolding","Kolding",,"123-----","AF","9606",,,
,"DK","KON","Cementfabrikken Kongsdal Havn","Cementfabrikken Kongsdal Havn",,"1-------","AI","9704",,,
,"DK","KOY","Kongens Lyngby","Kongens Lyngby","84","--3-----","RL","1307",,"5546N 01231E",
,"DK","KPV","Kliplev","Kliplev",,"--3-----","RQ","9501",,,
,"DK","KRA","Kragenæs","Kragenas",,"1-------","AI","9704",,,
,"DK","KRB","Kirkeby","Kirkeby",,"--3-----","RQ","9501",,,
,"DK","KRP","Karup","Karup",,"---4----","AI","9601",,,
,"DK","KRR","Korsør","Korsor",,"12------","AF","9606",,,
,"DK","KRS","Kruså","Krusa",,"-23-----","AF","9606",,,
,"DK","KSY","Kirke Saby","Kirke Saby",,"--3-----","RQ","0907",,"5537N 01152E",
,"DK","KT4","Kettinge","Kettinge","85","1-3-----","RL","1401",,"5442N 01145E",
,"DK","KTD","Kerteminde","Kerteminde",,"1-------","AI","9704",,,
,"DK","KTP","Kastrup","Kastrup",,"1-------","AI","9704",,,
,"DK","KVB","Klovborg","Klovborg",,"--3-----","RQ","9501",,,
,"DK","KVG","Kvistgaard","Kvistgaard",,"--3-----","RQ","9705",,,
,"DK","KVR","Kværndrup","Kvarndrup",,"1-------","RQ","9307",,,
,"DK","LAA","Låsby","Lasby",,"--3-----","RQ","9501",,,
,"DK","LAN","Langå","Langa","82","-23-----","RL","1301",,"5623N 00953E",
,"DK","LBY","Lundby","Lundby",,"--3-----","RQ","0907",,"5658N 01001E",
,"DK","LDT","Lundtofte","Lundtofte","83","--3-----","RL","0901",,"5528N 00853E",
,"DK","LEJ","Lejre","Lejre",,"--3-----","RL","0607",,"5536N 01158E",
,"DK","LEM","Lem","Lem","82","--3-----","RL","1301",,"5601N 00823E",
,"DK","LES","Laeso","Laeso","81","--3-----","RL","1607",,"5447N 01106E",
,"DK","LGN","Langebæk","Langebak","85","--3-----","RL","0907",,"5500N 01206E",
,"DK","LGR","Løgstør","Logstor",,"1-------","AI","9704",,,
,"DK","LGS","Langeskov","Langeskov",,"-23-----","AF","9606",,,
,"DK","LHH","Lindholm Havn","Lindholm Havn","83","1-------","RQ","1001",,"5517N 01048E",
,"DK","LIG","Losning","Losning",,"--3-----","RL","0212",,"5548N 00942E",
,"DK","LIN","Lindø Havn","Lindo Havn",,"1-------","AI","9704",,,
,"DK","LIS","Liseleje","Liseleje",,"--3-----","RQ","0907",,"5601N 01159E",
,"DK","LIT","Lintrup","Lintrup",,"--3-----","RQ","0907",,"5533N 00857E",
,"DK","LKK","Lokken","Lokken",,"--3-----","RQ","0907",,"5722N 00943E",
,"DK","LKO","Løgumkloster","Logumkloster",,"--3-----","RQ","9501",,,
,"DK","LLS","Lille Skensved","Lille Skensved",,"-23-----","AF","9606",,,
,"DK","LMM","Lemming","Lemming",,"--3-----","RQ","0907",,"5614N 00933E",
,"DK","LND","Lunderskov","Lunderskov",,"--3-----","RQ","9705",,,
,"DK","LNE","Lynge","Lynge",,"--3-----","RL","9806",,,
,"DK","LOG","Løgstrup","Logstrup",,"--3-----","RQ","9501",,,
,"DK","LOH","Lohals","Lohals",,"1-------","AI","9704",,,
,"DK","LUN","Lundeborg","Lundeborg","83","1-3-----","RL","1101",,"5508N 01047E",
,"DK","LVG","Lemvig","Lemvig",,"1-------","AI","9704",,,
,"DK","LYN","Lyngby","Lyngby",,"--3-----","RQ","9705",,,
,"DK","LYO","Lyngs Odde Havn","Lyngs Odde Havn",,"1-------","AI","9704",,,
,"DK","MAR","Marslev","Marslev",,"--3-----","RQ","9501",,,
,"DK","MAS","Masnedø","Masnedo",,"1-------","AI","9704",,,
,"DK","MBJ","Munke Bjergby","Munke Bjergby",,"--3-----","RQ","0907",,"5530N 01132E",
,"DK","MBY","Melby","Melby",,"--3-----","RQ","0907",,"5539N 01107E",
,"DK","MER","Mern","Mern",,"--3-----","RQ","0907",,"5503N 01204E",
,"DK","MES","Mesinge","Mesinge",,"--3-----","RQ","0907",,"5530N 01039E",
,"DK","MID","Middelfart","Middelfart",,"12------","AF","9606",,,
,"DK","MKE","Mørke","Morke","82","--3-----","RL","1301",,"5620N 01023E",
,"DK","MKH","Masnedovaerkets Havn/Vordingborg","Masnedovaerkets Havn/Vordingborg","85","1-3-----","RL","1301",,"5458N 01153E",
,"DK","MKV","Morkov","Morkov",,"--3-----","RQ","0907",,"5540N 01131E",
,"DK","MLG","Malling","Malling",,"--3-----","RQ","0907",,"5602N 01010E",
,"DK","MLL","Millinge","Millinge",,"--3-----","RQ","0907",,"5508N 01013E",
,"DK","MLT","Marslet","Marslet",,"--3-----","RQ","0907",,"5604N 01010E",
,"DK","MLV","Målov","Malov",,"-23-----","RL","0212",,"5545N 01220E",
,"DK","MNK","Munkebo","Munkebo",,"--3-----","RL","0106",,"5527N 01033E",
,"DK","MNS","Masnedsund","Masnedsund","85","1-3-----","AA","1301",,"5500N 01152E",
,"DK","MOM","Mommark","Mommark",,"1-------","AI","9704",,,
,"DK","MOR","Mørdrup","Mordrup","85","--3-----","RL","1101",,"5600N 01233E",
,"DK","MRB","Marbæk Havn","Marbak Havn",,"1-------","AI","9704",,,
,"DK","MRD","Morud","Morud","83","--3-----","RL","1401",,"5527N 01011E",
,"DK","MRR","Mariager","Mariager",,"123-----","RL","0701",,"5639N 01000E",
,"DK","MRS","Marstal","Marstal",,"1-------","AI","9704",,,
,"DK","MRU","Mundelstrup","Mundelstrup",,"--3-----","RQ","9705",,,
,"DK","MRV","Maribo","Maribo",,"--34----","AI","9811",,,
,"DK","MTF","Martofte","Martofte",,"--3-----","RQ","0907",,"5533N 01040E",
,"DK","MUP","Moldrup","Moldrup",,"--3-----","RQ","9705",,,
,"DK","N3S","Nykobing Sjaelland","Nykobing Sjaelland","85","1-3-----","RL","1601",,"5555N 01140E",
,"DK","NAG","Nørager","Norager","81","--3-----","RL","1301",,"5642N 00938E",
,"DK","NAK","Nakskov","Nakskov",,"12------","AF","9606",,,
,"DK","NAS","Norre Asmindrup","Norre Asmindrup",,"--3-----","RQ","0907",,"5553N 01138E",
,"DK","NAV","Norre Alslev","Norre Alslev",,"--3-----","RQ","9705",,,
,"DK","NBE","Nørreballe","Norreballe","85","-23-----","RL","1301",,"5448N 01126E",
,"DK","NBG","Nyborg","Nyborg",,"12------","AF","9606",,,
,"DK","NBL","Norre Nebel","Norre Nebel",,"--3-----","RQ","0907",,"5547N 00818E",
,"DK","NBR","Nordborg","Nordborg",,"--3-----","RL","0701",,"5502N 00948E",
,"DK","NDB","Nordby Havn, Fanø","Nordby Havn, Fano",,"1-------","AI","9704",,,
,"DK","NEX","Neksø","Nekso",,"1-------","AI","9704",,,
,"DK","NGB","Nagbol","Nagbol",,"123-----","RL","0601",,"5527N 00917E",
,"DK","NHN","Nordhavn","Nordhavn","84","1-------","RL","1607",,"5542N 01236E",
,"DK","NIB","Nibe","Nibe",,"--3-----","RQ","9501",,,
,"DK","NIM","Nimtofte","Nimtofte",,"--3-----","RQ","0907",,"5625N 01034E",
,"DK","NIV","Niva","Niva",,"--3-----","RQ","0907",,"5556N 01231E",
,"DK","NKV","Nordenskov","Nordenskov",,"--3-----","RQ","9501",,,
,"DK","NOB","Nordby","Nordby","83","-----6--","RL","1607",,"5558N 01034E",
,"DK","NR4","Nyrup","Nyrup","85","1-3-----","RL","1401",,"5536N 01140E",
,"DK","NRE","Nørre Aaby","Norre Aaby",,"12------","AF","9606",,,
,"DK","NRM","Nærum","Narum","84","--3-----","RL","1301",,"5549N 01233E",
,"DK","NRS","Nørresundby","Norresundby",,"12------","AF","9606",,,
,"DK","NRV","Norre Vium","Norre Vium",,"--3-----","RL","0212",,"5602N 00843E",
,"DK","NSD","Nørre Snede","Norre Snede",,"1-3-----","RL","0207",,"5557N 00923E",
,"DK","NTD","Nysted","Nysted",,"1-------","AI","9704",,,
,"DK","NUD","Næssund","Nassund",,"1-------","AI","9812",,,
,"DK","NVD","Næstved","Nastved","85","123--6--","AF","1607",,"5514N 01146E",
,"DK","NVM","Vium","Vium",,"--3-----","RL","0201",,"5640N 00858E",
,"DK","NYB","Nyborg Lystbådehavn","Nyborg Lystbadehavn","83","1-------","RQ","1001",,"5518N 01047E",
,"DK","NYF","Nykøbing Falster","Nykobing Falster","85","123-----","AF","1301",,"5446N 01153E",
,"DK","NYM","Nykøbing Mors","Nykobing Mors","81","1-3-----","AI","1301",,"5647N 00851E",
,"DK","NYS","Nykøbing Sjælland","Nykobing Sjalland","85","--3-----","RL","1301",,"5555N 01140E",
,"DK","OAS","Øster Assels","Oster Assels",,"--3-----","RL","0607",,"5642N 00841E",
,"DK","ODD","Øster Doense","Oster Doense",,"--3-----","RL","0201",,"5642N 00950E",
,"DK","ODE","Odense","Odense",,"1234----","AF","9606",,,
,"DK","ODX","Odder","Odder","82","--3-----","RL","1301",,"5558N 01010E",
,"DK","OEL","Ølstykke Stationsby","Olstykke Stationsby","84","--3-----","RL","1301",,"5547N 01208E",
,"DK","OFQ","Orbæk","Orbak","83","--3-----","AA","2301",,"5516N 01040E","Arhus? Fyn?"
,"DK","OHJ","Ornhoj","Ornhoj",,"--3-----","RL","0212",,"5612N 00835E",
,"DK","OKB","Østbirk","Ostbirk",,"--3-----","RQ","9501",,,
,"DK","OLG","Olgod","Olgod",,"--3-----","RL","0212",,"5549N 00837E",
,"DK","OMO","Omø","Omo",,"1-------","AI","9812",,,
,"DK","OOT","Charlottenlund","Charlottenlund",,"1-------","RQ","0901",,,
,"DK","OP2","Outrup","Outrup","83","--3-----","RL","1701",,"5543N 00820E",
,"DK","ORE","Orehoved, Falster","Orehoved, Falster",,"1-------","AI","9704",,,
,"DK","ORM","Orum","Orum",,"--3-----","RQ","0907",,"5627N 01041E",
,"DK","ORO","Orø","Oro",,"1-------","AI","9812",,,
,"DK","ORS","Orsted","Orsted",,"--3-----","RQ","0907",,"5630N 01021E",
,"DK","OSB","Oksbol","Oksbol",,"-----6--","RL","0901",,"5538N 00817E",
,"DK","OSD","Øster Snede","Oster Snede",,"--3-----","RL","9806",,,"Vejle"
,"DK","OST","Ostermarie","Ostermarie",,"--3-----","RQ","0907",,"5508N 01502E",
,"DK","OSX","Osby","Osby",,"--3-----","RL","0212",,"5514N 00939E",
,"DK","OTK","Ølstykke","Olstykke",,"-23-----","RL","0607",,"5548N 01210E",
,"DK","OTR","Ovtrup","Ovtrup",,"0-------","RQ","9307",,,
,"DK","OTT","Otterup","Otterup",,"0-------","RQ","9705",,,
,"DK","OTV","Øster Tørslev","Oster Torslev","82","--3-----","RL","1301",,"5634N 01012E",
,"DK","OUL","Oster Ulslev","Oster Ulslev",,"--3-----","RQ","0907",,"5442N 01138E",
,"DK","OVR","Ostervra","Ostervra",,"--3-----","RQ","0907",,"5721N 01015E",
,"DK","PAN","Pandrup","Pandrup",,"--3-----","RL","0006",,,
,"DK","PAO","Padborg","Padborg",,"-23-----","RL","0701",,"5449N 00921E",
,"DK","PJE","Pjedsted","Pjedsted","83","--3-----","RQ","1401",,,
,"DK","PRS","Præstø","Prasto","85","--3--6--","RL","1301",,"5507N 01203E",
,"DK","RAN","Randers","Randers",,"123-----","AF","9606",,,
,"DK","RBL","Randbol","Randbol",,"--3-----","RQ","0907",,"5542N 00916E",
,"DK","RD4","Rude","Rude","85","1-3-----","RL","1401",,"5600N 01014E",
,"DK","RDB","Rødkærsbro","Rodkarsbro","82","-23-----","RL","0907",,"5621N 00931E",
,"DK","RDG","Rødding","Rodding","83","--3-----","RL","1301",,"5521N 00903E",
,"DK","RDH","Rødvig Havn","Rodvig Havn","85","1-------","AA","1101",,"5515N 01222E",
,"DK","RDK","Rødekro","Rodekro",,"123-----","RL","0601",,"5504N 00919E",
,"DK","RDV","Rødovre","Rodovre","84","-23-----","RL","1301",,"5541N 01229E",
,"DK","RED","Redsted","Redsted",,"--3-----","RQ","0907",,"5644N 00839E",
,"DK","REY","Ry","Ry",,"-23-----","RL","0607",,"5605N 00945E",
,"DK","RGP","Regstrup","Regstrup","83","--3-----","RL","1401",,"5521N 01046E",
,"DK","RIB","Ribe","Ribe",,"--3-----","RQ","9705",,,
,"DK","RIN","Ringe","Ringe",,"--3-----","RQ","9501",,,
,"DK","RKB","Rudkøbing","Rudkobing",,"1-------","AI","9704",,,
,"DK","RKE","Roskilde","Roskilde",,"1234----","AF","9606",,,
,"DK","RKG","Ringkøbing","Ringkobing","82","-23-----","RL","1301",,"5605N 00814E",
,"DK","RMO","Romo","Romo","83","1-3-----","RL","1401",,"5508N 00831E",
,"DK","RND","Rønde","Ronde","82","--3-----","RL","1401",,"5618N 01029E",
,"DK","RNG","Ringsted","Ringsted",,"-23-----","AF","9606",,,
,"DK","RNM","Ranum","Ranum",,"--3-----","RQ","9501",,,
,"DK","RNN","Rønne","Ronne",,"1--4----","AI","9704",,,
,"DK","ROD","Rødbyhavn","Rodbyhavn","85","123--6--","AA","1301",,"5439N 01121E",
,"DK","ROF","Rødby","Rodby","85","1-3-----","AI","1301",,"5441N 01123E",
,"DK","RON","Rønnede","Ronnede","85","--3--6--","RL","0901",,"5515N 01200E",
"X","DK","ROR","Aalborg Portland Cementfabrikk","Aalborg Portland Cementfabrikk",,"1-------","XX","2307",,,"Use DKAAL"
,"DK","RRV","Rørvig","Rorvig",,"1-------","AI","9704",,,
,"DK","RSL","Roslev","Roslev",,"--3-----","RQ","9705",,,
,"DK","RSM","Rask Molle","Rask Molle",,"--3-----","RQ","0907",,"5552N 00937E",
,"DK","RSN","Resenbro","Resenbro","82","--3-----","RL","1401",,"5611N 00939E",
,"DK","RSS","Risskov","Risskov",,"--3-----","RL","9805",,,
,"DK","RUG","Rungsted","Rungsted","84","--3-----","RL","1407",,"5553N 01231E",
,"DK","RVY","Ruds-Vedby","Ruds-Vedby",,"--3-----","RL","0104",,"5532N 01121E",
,"DK","RYM","Ryomgård","Ryomgard",,"--3-----","RQ","9501",,,
,"DK","RYN","Rynkeby","Rynkeby","83","--3-----","RL","1301",,"5524N 01036E",
,"DK","RYS","Ryslinge","Ryslinge","83","1-------","RL","1401",,"5515N 01033E",
,"DK","SAB","Sabro","Sabro","82","--3-----","RL","1401",,"5613N 01013E",
,"DK","SAE","Sæby","Saby",,"123-----","RL","0701",,"5720N 01032E",
,"DK","SAG","Sandager","Sandager",,"0-------","RL","9307",,,
,"DK","SAL","Saltum","Saltum","81","--3-----","RL","1401",,"5716N 00941E",
,"DK","SAU","Saunte","Saunte",,"-----6--","RL","1201",,"5605N 01230E",
,"DK","SAX","Sakskøbing","Sakskobing",,"1-------","AI","9704",,,
,"DK","SB2","Strøby","Stroby","85","1-3-----","RL","1401",,"5523N 01218E",
,"DK","SBG","Søborg","Soborg",,"-23-----","RQ","9705",,,
,"DK","SBK","Stubbekøbing","Stubbekobing","85","1-------","AI","1301",,"5453N 01203E",
,"DK","SBY","Sundby","Sundby","82","--3-----","RL","1301",,"5623N 01034E",
,"DK","SD7","Sandved","Sandved","85","1-3-----","RL","1401",,"5516N 01132E",
,"DK","SDA","Sydals","Sydals",,"1-3--6--","RL","0607",,"5454N 00953E",
,"DK","SDD","Snedsted","Snedsted","82","--3-----","RL","1401",,"5653N 00831E",
,"DK","SDO","Skarø/Drejø","Skaro/Drejo",,"1-------","AI","9812",,,
,"DK","SDS","Søndersø","Sonderso",,"--3-----","RL","0607",,"5529N 01016E",
,"DK","SEJ","Sejerslev","Sejerslev",,"--3-----","RQ","9501",,,
,"DK","SEO","Sejerø","Sejero",,"1-------","AI","9704",,,
,"DK","SF2","Store Fuglede","Store Fuglede","85","1-3-----","RL","1401",,"5535N 01115E",
,"DK","SFG","Sønder Felding","Sonder Felding","82","--3-----","RL","1207",,"5557N 00847E",
,"DK","SGD","Sønderborg","Sonderborg","83","1234----","AF","1301",,"5454N 00947E",
,"DK","SH6","Store Heddinge","Store Heddinge","85","1-3-----","RL","1401",,"5519N 01225E",
,"DK","SIT","Stigsnaes Inter Terminal","Stigsnaes Inter Terminal","85","1-------","RL","1107",,"5512N 01114E",
,"DK","SJB","Skejby","Skejby",,"0-------","RQ","9307",,,
,"DK","SJL","Sjolund","Sjolund","83","--3-----","RL","1601",,"5524N 00932E",
,"DK","SJO","Sjællands Odde","Sjallands Odde",,"0-------","RQ","9402",,,
,"DK","SK3","Skodsborg","Skodsborg","84","1-3-----","RL","1401",,"5549N 01234E",
,"DK","SKA","Skagen","Skagen",,"12------","AF","9606",,,
,"DK","SKB","Skærbæk","Skarbak",,"0-------","AI","9704",,,
,"DK","SKD","Skovlund","Skovlund","83","--3-----","RL","1301",,"5544N 00842E",
,"DK","SKE","Skævinge","Skavinge","84","--3-----","RL","1301",,"5555N 01210E",
,"DK","SKG","Skanderborg","Skanderborg","82","-23-----","RL","1301",,"5602N 00950E",
,"DK","SKH","Skovshoved","Skovshoved","84","1-------","RL","1807",,"5546N 01236E",
,"DK","SKI","Stenkilde","Stenkilde",,"0-------","RQ","9307",,,
,"DK","SKJ","Skjern","Skjern",,"-23-----","AF","9606",,,
,"DK","SKL","Skals","Skals",,"--3-----","RQ","9501",,,
,"DK","SKM","Skamby","Skamby",,"--3-----","RQ","9501",,,
,"DK","SKO","Skodborg","Skodborg",,"--3-----","RQ","9501",,,
,"DK","SKP","Skørping","Skorping",,"--3-----","RQ","9501",,,
,"DK","SKR","Skrydstrup","Skrydstrup",,"--34----","RL","0701","SKS","5514N 00915E",
,"DK","SKS","Vojens","Vojens","83","--34----","AI","1301",,"5514N 00918E",
,"DK","SKT","Skodstrup","Skodstrup",,"--3-----","RQ","9501",,,
,"DK","SKV","Skive","Skive",,"12------","AF","9606",,,
,"DK","SKY","Skibby","Skibby",,"--3-----","RL","9901",,,
,"DK","SL2","Søllested","Sollested","83","1-3-----","RL","1401",,"5518N 01003E",
,"DK","SLA","Slangerup","Slangerup",,"--3-----","RQ","9501",,,
,"DK","SLB","Silkeborg","Silkeborg",,"123-----","AF","9606",,,
,"DK","SLE","Stenløse","Stenlose","84","--3-----","RL","1301",,"5546N 01212E",
,"DK","SLG","Slagelse","Slagelse",,"-23-----","AF","9606",,,
,"DK","SLS","Sollested","Sollested","85","--3-----","RL","1307",,"5449N 01117E",
,"DK","SLV","Sælvig Havn","Salvig Havn",,"1-------","AI","9704",,,
,"DK","SM6","Store Merløse","Store Merlose","85","1-3-----","RL","1401",,"5533N 01143E",
,"DK","SMA","Stokkemarke","Stokkemarke","85","--3-----","RL","1301",,"5450N 01121E",
,"DK","SMG","Slimminge","Slimminge","85","--3-----","RL","1401",,"5527N 01156E",
,"DK","SMO","Smørum","Smorum",,"0-------","RQ","9307",,,
,"DK","SN2","Snertinge","Snertinge","85","1-3-----","RL","1401",,"5504N 01155E",
,"DK","SN7","Stensved","Stensved","85","1-3-----","RL","1401",,"5500N 01202E",
,"DK","SND","Sønder","Sonder",,"--3-----","RQ","9705",,,
,"DK","SNE","Snekkersten","Snekkersten",,"1-------","AI","9704",,,
,"DK","SNN","Svinninge","Svinninge",,"--3-----","RQ","9501",,,
,"DK","SNO","Strynø","Stryno",,"1-------","AI","9812",,,
,"DK","SNS","Stenstrup","Stenstrup",,"--3-----","RQ","9501",,,
,"DK","SNY","Sundby/Mors","Sundby/Mors","81","1-3-----","RL","1301",,"5652N 00840E",
,"DK","SOB","Søby Havn","Soby Havn",,"1-------","AI","9704",,,
,"DK","SOD","Sommersted","Sommersted","85","--3-----","RL","1707",,"5519N 00919E",
,"DK","SOK","Kongerslev","Kongerslev",,"--3-----","RL","0212",,"5653N 01007E",
,"DK","SOL","Solrød Strand","Solrod Strand","85","--3--6--","RL","0901",,"5532N 01214E",
,"DK","SOM","Sønder Omme","Sonder Omme",,"--3-----","RL","0607",,"5550N 00854E",
,"DK","SOV","Sorvad","Sorvad",,"--3-----","RQ","9705",,,
,"DK","SPB","Spodsbjerg Havn","Spodsbjerg Havn",,"1-------","AI","9704",,,
,"DK","SPE","Spentrup","Spentrup","82","-----6--","RL","1701",,"5633N 01002E",
,"DK","SPJ","Spjald","Spjald","82","--3-----","RL","0901",,"5607N 00831E",
,"DK","SPO","Spottrup","Spottrup",,"--3-----","RL","0212",,"5556N 01015E",
,"DK","SPP","Sporup","Sporup",,"--3-----","RQ","0002",,,
,"DK","SRO","Sorø","Soro",,"--3-----","RQ","9705",,,
,"DK","SRP","Stenderup","Stenderup",,"--3-----","RQ","9307",,,
,"DK","SSK","Skælskør","Skalskor",,"1-------","RQ","9704",,,
,"DK","SSV","Studstrupværkets Havn","Studstrupvarkets Havn",,"1-------","AI","9704",,,
,"DK","STA","Stavning","Stavning",,"1--4----","AI","0207",,"5558N 00823E",
,"DK","STB","Strib Havn","Strib Havn",,"1-------","AI","9704",,,
,"DK","STD","Strandby","Strandby",,"--3-----","RL","1101",,"5730N 01030E",
,"DK","STE","Stege","Stege",,"1-------","AI","9704",,,
,"DK","STG","Stignæsværkets Havn","Stignasvarkets Havn",,"1-------","AI","9704",,,
,"DK","STH","Stoholm","Stoholm","82","--3-----","RL","1601",,"5629N 09100E",
"+","DK","STK","Stakroge","Stakroge","82","--3-----","AM","2307",,"5553N 00851E",
,"DK","STL","Stenlille","Stenlille","84","--3-----","RL","1301",,"5547N 01212E",
,"DK","STN","Stigsnæs","Stigsnas",,"1-------","AI","9812",,,
,"DK","STO","Støvring","Stovring",,"--3-----","RL","0201",,"5630N 01010E",
,"DK","STP","Stevns Pier","Stevns Pier","85","1-------","RL","0901",,"5519N 01227E",
,"DK","STR","Struer","Struer",,"12------","AF","9606",,,
,"DK","STT","Statoil-Havnen","Statoil-Havnen",,"1-------","AF","9606",,,
,"DK","STV","Storevorde","Storevorde","81","--3-----","RQ","1401",,"5700N 01010E",
,"DK","STY","Strandby","Strandby","81","-----6--","RL","1201",,"5647N 00913E",
,"DK","SUE","Sundsøre","Sundsore",,"1-------","AI","9812",,,
,"DK","SUS","Sunds","Sunds",,"--3-----","RL","9806",,,"Ringköbing"
,"DK","SVA","Svaneke","Svaneke",,"1-3-----","RL","0701",,"5508N 01509E",
,"DK","SVB","Svebølle","Svebolle","85","-23-----","RL","1301",,"5539N 01117E",
,"DK","SVE","Svendborg","Svendborg",,"12------","AF","9606",,,
,"DK","SVG","Sandvig","Sandvig",,"1-3-----","RL","0701",,"5517N 01447E",
,"DK","SVL","Skovlunde","Skovlunde",,"-2---6--","RL","1001",,"5543N 01224E",
,"DK","SVN","Svenstrup","Svenstrup","81","--3-----","RL","1301",,"5658N 00950E",
,"DK","SVV","Stålvalseværket","Stalvalsevarket",,"1-------","AI","9704",,,
,"DK","SYD","Sydborg","Sydborg",,"0-------","RQ","9307",,,
,"DK","TAA","Tåstrup","Tastrup","84","--3-----","RL","1101",,"5539N 01219E",
,"DK","TAG","Tranbjerg","Tranbjerg","81","-----6--","RL","1107",,"5606N 01009E",
,"DK","TB4","Toreby","Toreby","85","1-3-----","RL","1401",,"5445N 01148E",
,"DK","TBA","Taarbæk","Taarbak",,"--3-----","RL","9811",,,
,"DK","TBY","Tårnby","Tarnby","84","--3-----","RL","1601",,"5538N 01236E",
,"DK","TED","Thisted","Thisted",,"12-4----","AF","9606",,,
,"DK","TER","Terndrup","Terndrup","81","--3-----","RL","1601",,"5649N 01004E",
,"DK","TFT","Toftlund","Toftlund",,"--3-----","RQ","9705",,,
,"DK","TGV","Tinglev","Tinglev",,"--3-----","RQ","9501",,,
,"DK","THM","Them","Them",,"--3-----","RL","9806",,,"Arhus"
,"DK","THN","Thyborøn","Thyboron",,"-----6--","RL","1201",,"5642N 00813E",
,"DK","THO","Thurø","Thuro",,"--3-----","RQ","9811",,,
,"DK","THY","Thyholm","Thyholm",,"-23-----","RL","0607",,"5639N 00831E",
,"DK","TIL","Tilst","Tilst","82","--3-----","RL","1301",,"5612N 01007E",
,"DK","TIM","Tim","Tim","82","--3-----","RL","1401",,"5612N 00819E",
,"DK","TIS","Tistrup","Tistrup",,"--3-----","RL","0106",,"5542N 00836E",
,"DK","TJA","Tjaereborg","Tjaereborg","83","--3-----","RL","1307",,"5528N 00835E",
,"DK","TJL","Tjele","Tjele","82","1-------","RL","1607",,"5630N 00936E",
,"DK","TKA","Tranekaer","Tranekaer",,"--3-----","RL","0607",,"5500N 01051E",
,"DK","TKB","Tikøb","Tikob","84","1-3-----","RL","1401",,"5601N 01228E",
,"DK","TLV","Taulov","Taulov",,"--3-----","RQ","0101",,,
,"DK","TMD","Torsminde","Torsminde","82","1-3-----","RL","1301",,"5622N 00807E",
,"DK","TN3","Tune","Tune","85","1-3-----","RL","1401",,"5536N 01211E",
,"DK","TNO","Tunø","Tuno",,"1-------","AI","9812",,,
,"DK","TOE","Tørring","Torring",,"--3-----","RQ","9705",,,
,"DK","TOL","Tølløse","Tollose","85","--3--6--","RL","1301",,"5536N 01146E",
,"DK","TOM","Tommerup","Tommerup",,"--3-----","RQ","9501",,,
,"DK","TON","Tønder","Tonder",,"0-------","RQ","9311",,,
,"DK","TOR","Torup","Torup","82","--3-----","RQ","1401",,,
,"DK","TPN","Tappernøje","Tappernoje","85","--3-----","RL","1301",,"5509N 01158E",
,"DK","TRG","Torrig","Torrig","85","1-3-----","RL","1401",,"5454N 01120E",
,"DK","TRI","Trige","Trige",,"--3-----","RL","0607",,"5615N 01010E",
,"DK","TRM","Tarm","Tarm",,"--3-----","RQ","9501",,,
,"DK","TRN","Tranebjerg","Tranebjerg","82","--3-----","RQ","1301",,"5550N 01036E",
,"DK","TRO","Troense","Troense","83","1-------","RL","1307",,"5502N 01039E",
,"DK","TRS","Tårs","Tars",,"1-------","AI","9704",,,
,"DK","TRU","Trustrup","Trustrup","82","--3-----","RL","1401",,"5554N 01003E",
,"DK","TSO","Thorso","Thorso","82","--3-----","RL","1401",,"5618N 00948E",
,"DK","TSV","Tisvilde","Tisvilde","85","--3-----","RQ","1401",,"5605N 01208E",
,"DK","TTR","Tåstrup-Valby","Tastrup-Valby","84","--3-----","RL","1301",,"5538N 01219E",
,"DK","TUB","Tuborg","Tuborg",,"12------","AF","9606",,,
,"DK","TUR","Tureby","Tureby","85","--3-----","RL","1301",,"5522N 01205E",
,"DK","TYB","Tyborøn","Tyboron",,"12------","AF","9606",,,
,"DK","TYL","Tylstrup","Tylstrup","81","--3-----","RL","1601",,"5711N 00957E",
,"DK","UGE","Ugerløse","Ugerlose","85","--3-----","RL","1301",,"5537N 01109E",
,"DK","ULB","Ulfborg","Ulfborg",,"--3-----","RQ","9501",,,
,"DK","ULD","Uldum","Uldum",,"--3-----","RQ","9705",,,
,"DK","ULL","Ullerslev","Ullerslev",,"--3-----","RQ","9704",,,
,"DK","ULS","Ulstrup","Ulstrup","82","--3-----","RL","0901",,"5623N 00947E",
,"DK","UNX","Masnedsund Godningshamn","Masnedsund Godningshamn","85","1-------","AI","1301",,"5500N 01155E",
,"DK","VAD","Vadum","Vadum",,"--3-----","RQ","9501",,,
,"DK","VAE","Vallensbæk","Vallensbak","84","123-----","RL","1301",,"5538N 01221E",
,"DK","VAL","Valby","Valby",,"0-------","RQ","9307",,,
,"DK","VAN","Vanløse","Vanlose","85","-23--6--","RL","0901",,"5541N 01229E",
,"DK","VAS","Vigsnæs","Vigsnas",,"--3-----","RL","9811",,,
,"DK","VB2","Vejby","Vejby","84","1-3-----","RL","1401",,"5604N 01209E",
,"DK","VBG","Vissenbjerg","Vissenbjerg","83","--3-----","RL","1301",,"5523N 01008E",
,"DK","VBI","Viby","Viby","85","--3-----","RL","1301",,"5532N 01201E",
,"DK","VBJ","Vestbjerg","Vestbjerg","81","--3--6--","RL","1301","QXF","5707N 00957E",
,"DK","VBK","Vedbæk","Vedbak","84","--3-----","RL","1301",,"5551N 01234E",
,"DK","VBN","Vordingborg Nordhavnen","Vordingborg Nordhavnen","85","1-------","AA","1301",,"5500N 01155E",
,"DK","VBS","Vordingborg Sydhavnen","Vordingborg Sydhavnen","85","1-------","AA","1301",,"5459N 01153E",
,"DK","VDE","Varde","Varde",,"--3-----","RQ","9705",,,
,"DK","VDL","Vandel","Vandel","83","--3-----","RL","1107",,"5542N 00913E",
,"DK","VDP","Vamdrup","Vamdrup",,"--3-----","RQ","9501",,,
,"DK","VEJ","Vejle","Vejle",,"12------","AF","9606",,,
,"DK","VEN","Venø Havn","Veno Havn",,"1-------","AI","9704",,,
,"DK","VES","Vesterø Havn, Læsø","Vestero Havn, Laso",,"1-------","AI","9704",,,
,"DK","VG4","Væggerløse","Vaggerlose","85","1-3-----","RL","1401",,"5442N 01156E",
,"DK","VIB","Viborg","Viborg",,"-23-----","AF","9606",,,
,"DK","VID","Videbæk","Videbak","82","--3-----","RL","1301",,"5605N 00837E",
,"DK","VIG","Vig","Vig",,"--3-----","RQ","9705",,,
,"DK","VIR","Virum","Virum",,"0-------","RQ","9307",,,
,"DK","VIY","Viby","Viby","82","--3--6--","RL","1301",,"5607N 01009E",
,"DK","VJN","Vejen","Vejen",,"--3-----","RQ","9501",,,
,"DK","VJT","Vejstrup","Vejstrup","83","--3-----","RL","1107",,"5506N 01043E",
,"DK","VK7","Veksø","Vekso","84","1-3-----","RL","1401",,"5545N 01215E",
,"DK","VLD","Vildbjerg","Vildbjerg","82","--3-----","RL","1401",,"5612N 00846E",
,"DK","VLE","Værløse","Varlose",,"--34----","RL","0207",,"5516N 01208E",
,"DK","VLL","Vallø","Vallo","85","--3-----","RL","1401",,"5524N 01215E",
,"DK","VLS","Vils","Vils","81","--3-----","RL","1601",,"5646N 08440E",
,"DK","VM2","Vemmelev","Vemmelev","85","1-3-----","RL","1401",,"5522N 01116E",
,"DK","VMB","Vemb","Vemb",,"-23-----","RQ","9705",,,
,"DK","VNG","Vang Havn","Vang Havn",,"1-------","RQ","9704",,,
,"DK","VNR","Vinderup","Vinderup",,"-23-----","AF","9606",,,
,"DK","VOK","Vodskov","Vodskov",,"--3-----","RQ","9501",,,
,"DK","VOR","Vordingborg","Vordingborg","85","12------","AF","1301",,"5500N 01154E",
,"DK","VPP","Vipperød","Vipperod",,"--3-----","RQ","9704",,,
,"DK","VRA","Vrå","Vra","81","--3-----","RL","1301",,"5720N 00957E",
,"DK","VRE","Avedore","Avedore",,"1-------","RQ","0901",,,
,"DK","VSK","Vester-Skerninge","Vester-Skerninge",,"--3-----","RQ","0907",,"5504N 01027E",
,"DK","VSV","Norjyllandsvarkets havn","Norjyllandsvarkets havn",,"1-------","AI","9704",,,
,"DK","VT2","Vesterborg","Vesterborg","85","1-3-----","RL","1401",,"5451N 01117E",
,"DK","YRP","Bryrup","Bryrup","82","--3-----","RL","1407",,"5601N 00931E",
"=","DK",,"Århus = Aarhus","Arhus = Aarhus",,,,,,,
,"DK","SOB",,,,,"RQ","0907",,"5504N 01027E",
