,"HU",,".HUNGARY",,,,,,,,
,"HU","2AZ","Türje","Turje","ZA","--3-----","RL","1701",,"4659N 01706E",
,"HU","2NJ","Cibakháza","Cibakhaza","JN","--3-----","RL","1607",,"4658N 02012E",
,"HU","2ZS","Máriapócs","Mariapocs","SZ","--3-----","RL","1607",,"4753N 02202E",
,"HU","4PS","Petnehaza","Petnehaza","SZ","--3-----","RL","1501",,"4804N 02205E",
,"HU","4TS","Tornyospalca","Tornyospalca","SZ","--3-----","RL","1501",,"4816N 02211E",
,"HU","5OS","Ostffyasszonyfa","Ostffyasszonyfa","VA","--3-----","RL","1501",,"4719N 01703E",
,"HU","5TP","Tapioszecso","Tapioszecso","PE","--3-----","RL","1501",,"4727N 01936E",
,"HU","8SZ","Szentmártonkáta","Szentmartonkata","PE","--3-----","RL","1407",,"4727N 01942E",
,"HU","8TW","Csót","Csot","VE","--3-----","RL","1407",,"4722N 01737E",
,"HU","9SE","Sellye","Sellye","BA","--3-----","RL","1607",,"4552N 01750E",
,"HU","A5A","Tass","Tass","BK","--3-----","RL","1607",,"4701N 01902E",
,"HU","A8Y","Annavolgy","Annavolgy","KE","--3-----","RL","1501",,"4742N 01840E",
,"HU","AAA","Szalkszentmarton","Szalkszentmarton","BK","--3-----","RL","1107",,"4658N 01901E",
,"HU","ABA","Aba","Aba","FE","--3-----","RQ","1001",,"4702N 01831E",
,"HU","ABB","Abasár","Abasar","HE","--3-----","RL","1601",,"4748N 02000E",
,"HU","ABD","Abod","Abod","BZ","--3-----","RL","1301",,"4823N 02047E",
,"HU","ABK","Abadszalok","Abadszalok","JN","-----6--","RQ","1001",,"4728N 02037E",
,"HU","ABO","Abony","Abony","PE","-2------","RL","0207",,"4711N 02000E",
,"HU","ADF","Andrásfa","Andrasfa","VA","--3-----","RL","1301",,"4657N 01647E",
,"HU","ADY","Adony","Adony","FE","123-----","RL","0212",,"4707N 01852E",
,"HU","AEW","Nagyrecse","Nagyrecse","ZA","--3-----","RL","1501",,"4629N 01700E",
,"HU","AFU","Almásfüzitó","Almasfuzito","KE","123-----","RL","0212",,"4742N 01816E",
,"HU","AGE","Agerdomajor","Agerdomajor",,"-2------","QQ","8202",,,
,"HU","AGF","Agfalva","Agfalva",,"-2------","RL","0212",,"4741N 01631E",
,"HU","AGG","Aggtelek","Aggtelek",,"--3-----","QQ","8202",,,
,"HU","AJK","Ajka","Ajka",,"-23-----","RL","0601",,"4706N 01734E",
,"HU","AJS","Hajos","Hajos","BK","--3-----","RL","1601",,"4623N 01907E",
,"HU","AKT","Andornaktálya","Andornaktalya",,"123-----","RL","0601",,"4750N 02025E",
,"HU","ALA","Alattyán","Alattyan","JN","--3--6--","RL","0501",,"4726N 02003E",
,"HU","ALB","Albertirsa","Albertirsa","PE","-2------","RL","0207",,"4714N 01936E",
,"HU","ALG","Algyo","Algyo","CS","--3-----","RQ","0901",,,
,"HU","ALS","Alsóörs","Alsoors",,"123-----","RL","0601",,"4659N 01759E",
,"HU","AMS","Alsomocsolad","Alsomocsolad","BA","--3-----","RL","1301",,"4619N 01815E",
,"HU","ANA","Anarcs","Anarcs","SZ","--3-----","RL","1501",,"4810N 02206E",
,"HU","AND","Andocs","Andocs","SO","--3-----","RQ","1007",,"4664N 17920E",
,"HU","APG","Apostag","Apostag",,"--3-----","RQ","0101",,,
,"HU","APO","Áporka","Aporka","PE","--3-----","RL","1301",,"4714N 01901E",
,"HU","ART","Artánd","Artand",,"--3-----","RL","0212",,"4707N 02146E",
,"HU","ASZ","Alsozsolca","Alsozsolca","BZ","1-3-----","RL","1401",,"4804N 02053E",
,"HU","ATO","Akasztó","Akaszto","BK","--3-----","RL","0701",,"4641N 01912E",
,"HU","AZD","Aszód","Aszod","PE","--3-----","RL","0901",,"4739N 01930E",
,"HU","BAA","Baja","Baja","BK","-23-----","RL","0307",,"4611N 01858E",
,"HU","BAB","Bábolna","Babolna","KE","--3-----","RL","0212",,"4738N 01758E",
,"HU","BAC","Bácsbokod","Bacsbokod","BK","--3-----","RL","0901",,"4607N 01910E",
,"HU","BAD","Balatonalmadi","Balatonalmadi","VE","--3-----","RL","1301",,"4702N 01801E",
,"HU","BAE","Balatonlelle","Balatonlelle","SO","--3-----","RQ","1001",,"4647N 01741E",
,"HU","BAI","Bataapati","Bataapati","TO","-----6--","RL","0901",,"4613N 07164E",
,"HU","BAJ","Bajánsenye","Bajansenye",,"--3-----","RL","0212",,"4648N 01623E",
,"HU","BAK","Bakonysárkány","Bakonysarkany","KE","--3-----","RL","1601",,"4727N 01806E",
,"HU","BAL","Balassagyarmat","Balassagyarmat",,"--3-----","QQ","8202",,,
,"HU","BAN","Bánréve","Banreve",,"--3-----","RL","0212",,"4818N 02022E",
,"HU","BAO","Bajot","Bajot","KE","--3-----","RQ","1007",,"4772N 01855E",
,"HU","BAT","Battonya","Battonya","BE","--3-----","RL","1607",,"4617N 02101E",
,"HU","BCE","Bölcske","Bolcske","TO","--3-----","RL","1707",,"4644N 01858E",
,"HU","BCS","Bácsalmás","Bacsalmas","BK","--3-----","RL","1601",,"4607N 01920E",
,"HU","BDA","Berhida","Berhida","VE","1----6--","RL","0901",,"4770N 01808E",
,"HU","BED","Beremend","Beremend","BA","--3-----","RL","1707",,"4547N 01826E",
,"HU","BEK","Békéscsaba","Bekescsaba",,"--3-----","RL","0212",,"4641N 02106E",
,"HU","BEL","Beled","Beled","GY","--3-----","RL","1301",,"4727N 01705E",
,"HU","BES","Békés","Bekes","BE","-2------","RL","0212",,"4645N 02107E",
,"HU","BET","Békésszentandrás","Bekesszentandras","BE","--3-----","RL","1801",,"4652N 02029E",
,"HU","BEZ","Bezeréd","Bezered","ZA","--3-----","RL","1301",,"4652N 01700E",
,"HU","BFA","Becefa","Becefa","BA","--3-----","RL","1401",,"4604N 01751E",
,"HU","BGB","Biharnagybajom","Biharnagybajom","HB","--3-----","RL","1307",,"4713N 02114E",
,"HU","BGO","Bagod","Bagod","ZA","-23--6--","RL","0507",,"4652N 01644E",
,"HU","BGZ","Bodrogkeresztúr","Bodrogkeresztur","BZ","--3-----","RL","1301",,"4810N 02122E",
,"HU","BIC","Bicske","Bicske",,"-23-----","RL","0601",,"4728N 01838E",
,"HU","BIH","Biharkeresztes","Biharkeresztes","HB","-23-----","RL","0212",,"4708N 02143E",
,"HU","BJA","Bajna","Bajna","KE","--3-----","RL","1801",,"4739N 01836E",
,"HU","BJK","Bodajk","Bodajk","FE","--3-----","RL","0901",,"4719N 01814E",
,"HU","BKF","Berekfürdo","Berekfurdo","JN","--3-----","RL","1101",,"4723N 02051E",
,"HU","BKL","Budakalász","Budakalasz","PE","-----6--","RL","0901",,"4737N 01903E",
,"HU","BKR","Mélykut","Melykut","BK","--3-----","RL","1407",,"4612N 01923E",
,"HU","BKS","Bekecs","Bekecs","BZ","--3-----","RL","1601",,"4809N 02111E",
"¦","HU","BLA","Balatonfuzfo","Balatonfuzfo","VE","--3-----","RL","2307",,"4704N 01803E","@Sub"
,"HU","BLF","Balf","Balf","SN","--3-----","RL","1601",,"4739N 01640E",
,"HU","BLT","Balatonboglár","Balatonboglar",,"--3-----","RL","0212",,"4646N 01740E",
,"HU","BND","Bank","Bank","NO","--3-----","RL","1207",,"4756N 01911E",
,"HU","BOC","Bocsa","Bocsa","BK","--3-----","RQ","0907",,"4636N 01930E",
,"HU","BOD","Borsod","Borsod","BZ","--3-----","RL","0901",,"4819N 02045E",
,"HU","BOG","Dunabogdány","Dunabogdany","PE","--3-----","RL","1301",,"4747N 01902E",
,"HU","BOH","Börcs","Borcs","GS","--3-----","RL","1301",,"4741N 01730E",
,"HU","BOJ","Borjad","Borjad","BA","--3-----","RL","2001",,"4556N 01828E",
,"HU","BOK","Bosárkány","Bosarkany","GS","--3-----","RL","1901",,"4741N 01715E",
,"HU","BOL","Bóly","Boly","BA","--3-----","RL","0212",,"4558N 01831E",
,"HU","BON","Bonyhád","Bonyhad",,"--3-----","RL","0212",,"4618N 01832E",
,"HU","BOR","Borsodnádasd","Borsodnadasd","BZ","--3-----","RL","0701",,"4807N 02013E",
,"HU","BOS","Bocs","Bocs","BZ","-----6--","RQ","1001",,"4802N 02057E",
,"HU","BOT","Botykapeterd","Botykapeterd","BA","-----6--","RL","0901",,"4603N 01752E",
,"HU","BOY","Bony","Bony","GS","--3-----","RL","1301",,"4739N 01752E",
,"HU","BPF","Bélapátfalva","Belapatfalva","HE","--3-----","RL","1301",,"4803N 02022E",
,"HU","BRC","Bercel","Bercel","NO","-23-----","RQ","1001",,"4752N 01925W",
,"HU","BRI","Biri","Biri","SZ","-----6--","RL","0901",,"4749N 02151E",
,"HU","BRS","Badacsonyörs","Badacsonyors","VE","1----6--","RL","0901",,"4648N 01732E",
,"HU","BRY","Ibrány","Ibrany","SZ","--3-----","RL","1301",,"4808N 02143E",
,"HU","BSK","Borsodszirák","Borsodszirak","BZ","--3-----","RL","1207",,"4816N 02046E",
,"HU","BTB","Biatorbágy","Biatorbagy","PE","-23-----","RL","0501",,"4728N 01849E",
,"HU","BTF","Berettyóújfalu","Berettyoujfalu","HB","-23-----","RL","1801",,"4713N 02132E",
,"HU","BTN","Balaton","Balaton","HE","--3-----","RQ","0907",,"4806N 02019E",
,"HU","BTY","Bátonyterenye","Batonyterenye","NO","--3-----","RL","0901",,"4758N 01950E",
,"HU","BU2","Bükkösd","Bukkosd","BA","--3-----","RL","1601",,"4606N 01759E",
,"HU","BUA","Budaörs","Budaors",,"-23-----","RL","0207",,"4727N 01857E",
,"HU","BUC","Bucsu","Bucsu",,"--3-----","QQ","8202",,,
,"HU","BUD","Budapest","Budapest","BU","12-45---","AI","2007",,"4730N 01905E",
,"HU","BUE","Bük","Buk","VA","--3-----","RL","1301",,"4723N 01645E",
,"HU","BUK","Bük","Buk","VA","--3-----","RL","0212",,"4723N 01644E",
"X","HU","BUO","Balatonfuzfo","Balatonfuzfo","VE","-----6--","XX","2307",,"4704N 01803E",
,"HU","BYK","Besenyotelek","Besenyotelek","HE","--3-----","RL","1601",,"4742N 02026E",
,"HU","BZD","Balatonoszöd","Balatonoszod","SO","--3-----","RL","1601",,"4648N 01748E",
,"HU","BZE","Berzence","Berzence",,"123-----","RL","0601",,"4612N 01709E",
,"HU","BZI","Izsofalva","Izsofalva","BZ","-----6--","RQ","0907",,"4818N 02040E",
,"HU","BZO","Balatonszárszó","Balatonszarszo","SO","1----6--","RL","1201",,"4650N 01750E",
,"HU","BZS","Balmazújváros","Balmazujvaros","HB","--3-----","RL","0701",,"4736N 02120E",
,"HU","C4S","Csovár","Csovar","PE","--3-----","RL","1407",,"4749N 01920E",
,"HU","CCC","Tiszaszentmárton","Tiszaszentmarton","SZ","--3-----","RL","1307",,"4823N 02214E",
,"HU","CDE","Csegold","Csegold","SZ","--3-----","RL","1601",,"4754N 02241E",
,"HU","CDP","Csanadapaca","Csanadapaca","BE","--3-----","RL","2001",,"4633N 02053E",
,"HU","CEG","Cegléd","Cegled",,"--3-----","RL","0212",,"4710N 01948E",
,"HU","CEL","Celldömölk","Celldomolk","VA","-23-----","RL","0901",,"4715N 01709E",
,"HU","CGD","Csongrad","Csongrad",,"--3-----","RL","0002",,,
,"HU","CGE","Csenger","Csenger",,"-23--6--","RL","0601",,"4750N 02241E",
,"HU","CKS","Kecskéd","Kecsked","KE","--3-----","RL","1407",,"4731N 01819E",
,"HU","CKY","Csokvaomany","Csokvaomany","BZ","--3-----","RL","1501",,"4810N 02023E",
,"HU","CMD","Csomád","Csomad","PE","--3-----","RL","1207",,"4740N 01914E",
,"HU","CMR","Csömör","Csomor","PE","123-----","RL","0307",,"4733N 01914E",
,"HU","CND","Csengod","Csengod","BK","--3-----","RL","1601",,"4643N 01916E",
,"HU","CPE","Csepel","Csepel","PE","1-3-----","RL","0212",,"4725N 01904E",
,"HU","CSA","Csaszar","Csaszar","KE","--3-----","RQ","0907",,"4730N 01809E",
,"HU","CSB","Csehbánya","Csehbanya","VM","--3-----","RL","2001",,"4711N 01741E",
,"HU","CSD","Cserszegtomaj","Cserszegtomaj",,"--3-----","RL","0601",,"4648N 01713E",
,"HU","CSE","Csengersima","Csengersima",,"--3-----","QQ","8202",,,
,"HU","CSK","Kaszok","Kaszok","BK","--3-----","RQ","0901",,,
,"HU","CSO","Csorna","Csorna","GS","-23-----","RL","0207",,"4736N 01714E",
,"HU","CSP","Csepreg","Csepreg","VA","-23-----","RL","1201",,"4724N 01643E",
,"HU","CSS","Szegvar","Szegvar","CS","-----6--","RQ","1007",,,
,"HU","CST","Császártöltés","Csaszartoltes","BK","--3-----","RL","1707",,"4625N 01911E",
,"HU","CSU","Csurgo","Csurgo","SO","-23-----","RL","0207",,"4616N 01705E",
,"HU","CSV","Csorvas","Csorvas",,"--3-----","RL","0701",,"4637N 02048E",
,"HU","CSY","Csólyospálos","Csolyospalos","BK","--3-----","RL","1801",,"4625N 01950E",
,"HU","CSZ","Csesztreg","Csesztreg","ZA","-----6--","RQ","1001",,"4670N 01652E",
,"HU","CVY","Csávoly","Csavoly","BK","--3-----","RL","0701",,"4611N 01908E",
,"HU","DAY","Dány","Dany","PE","--3-----","RL","1701",,"4731N 01933E",
,"HU","DDA","Dudar","Dudar",,"--3--6--","RQ","0607",,"4719N 01756E",
,"HU","DEB","Debrecen","Debrecen",,"1--4----","AI","9601",,,
,"HU","DES","Decs","Decs","TO","--3-----","RL","1801",,"4628N 01807E",
,"HU","DEV","Devecser","Devecser","VE","--3-----","RL","1707",,"4706N 01726E",
,"HU","DFV","Dunaföldvár","Dunafoldvar","TO","--3-----","RL","1301",,"4648N 01855E",
,"HU","DGP","Drégelypalánk","Dregelypalank","NO","-----6--","RL","0901",,"4803N 01903E",
,"HU","DIO","Diósd","Diosd","PE","--3-----","RL","0901",,"4724N 01857E",
,"HU","DKE","Dunaalmás","Dunaalmas","KE","--3-----","RL","1807",,"4744N 01820E",
,"HU","DKI","Dunakiliti","Dunakiliti","GS","--3-----","RL","0907",,"4758N 01717E",
,"HU","DKZ","Dunakeszi","Dunakeszi",,"0-------","QQ",,,,
,"HU","DOB","Dombóvár","Dombovar","TO","-23-----","RL","0212",,"4622N 01808E",
,"HU","DPA","Dunapataj","Dunapataj","BK","123-----","RL","0212",,"4637N 01859E",
,"HU","DRA","Drávaszabolcs","Dravaszabolcs",,"--3-----","RL","0212",,"4548N 01813E",
,"HU","DRE","Dunaremete","Dunaremete","GS","1-3-----","RL","0212",,"4753N 01726E",
,"HU","DRG","Dorog","Dorog","KE","--3-----","RL","0701",,"4743N 01844E",
,"HU","DSZ","Dunaharaszti","Dunaharaszti",,"0-------","QQ",,,,
,"HU","DUK","Dunavarsány","Dunavarsany",,"-23-----","RL","0601",,"4717N 01905E",
,"HU","DUO","Dusnok","Dusnok","ZA","--3-----","RL","1301",,"4635N 01657E",
,"HU","DUS","Dunaszentbenedek","Dunaszentbenedek","BK","--3-----","RL","1301",,"4635N 01853E",
,"HU","DUU","Dunaújváros","Dunaujvaros","FE","123-----","RL","0507",,"4658N 01856E",
,"HU","DUZ","Dunaszentmiklós","Dunaszentmiklos","KE","--3-----","RL","0212",,"4742N 01822E",
,"HU","DVE","Dunavecse","Dunavecse","BK","123-----","RL","0212",,"4655N 01858E",
,"HU","DVV","Devavanya","Devavanya","BE","-----6--","RL","1107",,"4702N 02058E",
,"HU","DZK","Deszk","Deszk","CS","--3-----","RL","0701",,"4613N 02015E",
,"HU","DZT","Dánszentmiklós","Danszentmiklos","PE","--3-----","RL","1601",,"4713N 01933E",
,"HU","EBS","Ebes","Ebes","HB","1-------","RQ","0907",,"4728N 02130E",
,"HU","ECR","Ecser","Ecser","PE","--3-----","RL","0901",,"4727N 01920E",
,"HU","EDF","Endrefalva","Endrefalva","NO","-23-----","RL","0307",,"4808N 01935E",
,"HU","EED","Tokodaltaro","Tokodaltaro","FE","--3-----","RL","1601",,"4713N 01841E",
,"HU","EEK","Erdotelek","Erdotelek","HE","--3-----","RL","1801",,"4741N 02019E",
,"HU","EGE","Egerszalok","Egerszalok","HE","--3-----","RL","1601",,"4752N 02020E",
,"HU","EGR","Eger","Eger",,"0-------","QQ",,,,
,"HU","EGY","Egyházasdengeleg","Egyhazasdengeleg","NO","--3-----","RL","1707",,"4748N 01934E",
,"HU","ELK","Elek","Elek",,"--3-----","RQ","0607",,"4631N 02114E",
,"HU","ENC","Encs","Encs","BZ","-2------","RL","0207",,"4820N 02107E",
,"HU","ENY","Enying","Enying","FE","-----6--","RL","0901",,"4656N 01815E",
,"HU","EPE","Eperjeske","Eperjeske",,"-2------","QQ","8202",,,
,"HU","ERC","Ercsi","Ercsi","FE","1-------","RQ","0901",,,
,"HU","ERD","Erdobenye","Erdobenye","BZ","1----6--","RL","1107",,"4816N 02122E",
,"HU","ESD","Ersekcsanad","Ersekcsanad","BK","--3-----","RQ","1601",,"4515N 01859E",
,"HU","EST","Esztergom","Esztergom",,"1-------","QQ","8202",,,
,"HU","ESZ","Budakeszi","Budakeszi","PE","-----6--","RQ","0907",,"4731N 01856E",
,"HU","ETY","Etyek","Etyek","FE","--3-----","RL","1801",,"4727N 01845E",
,"HU","EXH","Érsekhalma","Ersekhalma","BK","--3-----","RL","1301",,"4621N 01907E",
,"HU","FAC","Fácánkert","Facankert",,"-23-----","RL","0601",,"4627N 01844E",
,"HU","FE3","Lovasberény","Lovasbereny","FE","--3-----","RL","1407",,"4718N 01833E",
,"HU","FEL","Felsolajos","Felsolajos","BK","--3-----","RL","1301",,"4704N 01931E",
,"HU","FEO","Fertöd","Fertod","GS","--3-----","RL","0207",,"4734N 01653E",
,"HU","FER","Fertöújlak","Fertoujlak",,"-23-----","RL","0207",,"4741N 01652E",
,"HU","FEZ","Fertrszentmiklós","Fertrszentmiklos","GS","--3-----","RQ","0501",,"4734N 01653E",
,"HU","FGA","Fehérgyarmat","Fehergyarmat","SZ","--3-----","RL","0701",,"4759N 02231E",
,"HU","FKE","Fenyeslitke","Fenyeslitke","SZ","--3-----","RL","1601",,"4816N 02206E",
,"HU","FKT","Fokto","Fokto","BK","--3-----","RL","1601",,"4631N 01855E",
,"HU","FKY","Farkaslyuk","Farkaslyuk","BZ","--3-----","RL","1301",,"4811N 02019E",
,"HU","FNY","Felsönyék","Felsonyek",,"-23--6--","RL","0601",,"4647N 01817E",
,"HU","FON","Fonyód","Fonyod","SO","--3-----","RL","1607",,"4644N 01733E",
,"HU","FOS","Felsoszenterzsébet","Felsoszenterzsebet","ZA","--3-----","RL","1601",,"4645N 01627E",
,"HU","FOT","Fót","Fot","PE","-23-----","RL","0501",,"4737N 01912E",
,"HU","FRR","Forráskút","Forraskut","CS","--3-----","RL","1801",,"4622N 01955E",
,"HU","FTK","Felsotarkany","Felsotarkany","HE","--3-----","RL","1601",,"4758N 02025E",
,"HU","FUG","Nagyfüged","Nagyfuged","HE","--3-----","RL","1301",,"4741N 02007E",
,"HU","FUO","Fügöd","Fugod","BZ","--3-----","RL","0207",,"4818N 02106E",
,"HU","FUY","Fuezesabony","Fuezesabony","HE","-----6--","RQ","1001",,"4775N 02040E",
,"HU","FVS","Ferencvaros","Ferencvaros","PE","1-3-----","RQ","0901",,"4728N 01905E",
,"HU","FYT","Füzfögyártelep","Fuzfogyartelep","VE","--3-----","RL","0907",,"4705N 01802E",
,"HU","FYZ","Füzesgyarmat","Fuzesgyarmat","BE","-23-----","RL","1201",,"4706N 02113E",
,"HU","FZC","Felsozsolca","Felsozsolca",,"--3-----","RQ","0907",,"4806N 02052E",
,"HU","FZS","Fertoszentmiklós","Fertoszentmiklos","GS","--3-----","RL","1307",,"4735N 01653E",
,"HU","GCS","Gecse","Gecse","VM","--3-----","RL","0901",,"4727N 01732E",
,"HU","GDL","Gödöllö","Godollo","PE","--3-----","RL","1101",,"4736N 01922E",
,"HU","GDY","Gárdony","Gardony","FE","--3-----","RL","0901",,"4712N 01839E",
,"HU","GER","Gerendás","Gerendas","BE","--3-----","RL","0907",,,
,"HU","GGY","Gyöngyös","Gyongyos","HE","-23-----","RL","0607",,"4747N 01955E",
,"HU","GGZ","Gyöngyöshalász","Gyongyoshalasz","HE","--3-----","RL","1807",,"4744N 01956E",
,"HU","GHH","Halászi","Halaszi","GS","--3-----","RL","1607",,"4753N 01720E",
,"HU","GLM","Gyongyossolymos","Gyongyossolymos","HE","--3-----","RL","1601",,"4749N 01956E",
,"HU","GNY","Gónyú","Gonyu","GS","1-3-----","RL","0212",,"4744N 01750E",
,"HU","GOA","Gógánfa","Goganfa","VE","-23--6--","RL","0507",,"4701N 01711E",
,"HU","GOM","Gomba","Gomba","PE","--3-----","RL","1407",,"4722N 01932E",
,"HU","GOR","Görbeháza","Gorbehaza","HB","--3-----","RL","1301",,"4749N 02114E",
,"HU","GRG","Görgeteg","Gorgeteg","SO","--3-----","RL","1501",,"4609N 01726E",
,"HU","GRL","Gerla","Gerla","BE","--3-----","RL","0207",,"4642N 02111E",
,"HU","GSA","Abda","Abda","GS","-----6--","RQ","1007",,"4742N 17330E",
,"HU","GYD","Györladamér","Gyorladamer","GS","--3-----","RL","1201",,"4745N 01734E",
,"HU","GYE","Gyekenyes","Gyekenyes",,"-2------","QQ","8202",,,
,"HU","GYH","Gyomaendrod","Gyomaendrod",,"--3-----","RQ","9501",,,
,"HU","GYJ","Gyöngyöstárjan","Gyongyostarjan",,"--3-----","RL","0607",,"4748N 01952E",
,"HU","GYL","Gyál","Gyal","PE","-23-----","RL","0212",,"4723N 01912E",
,"HU","GYO","Gyor","Gyor","GS","12------","RL","2007",,"4741N 01738E",
,"HU","GYR","Gyömrö","Gyomro","PE","-2------","RL","0207",,"4725N 01924E",
,"HU","GYU","Gyula","Gyula",,"--3-----","QQ","8202",,,
,"HU","GYY","Szil","Szil","GS","--3-----","RL","1407",,"4730N 01714E",
,"HU","GYZ","Gyorszemere","Gyorszemere","GS","--3-----","RL","1707",,"4733N 01734E",
,"HU","HAA","Erd","Erd","PE","-----6--","RL","0901",,"4722N 01856E",
,"HU","HAB","Halásztelek","Halasztelek","BK","--3-----","RL","0307",,"4701N 01902E",
,"HU","HAC","Dabas","Dabas","PE","-----6--","RL","0901",,"4711N 01919E",
,"HU","HAD","Bugyi","Bugyi","PE","-----6--","RL","0901",,"4713N 01909E",
,"HU","HAE","Felsopakony","Felsopakony","PE","-----6--","RL","0901",,"4721N 01915E",
,"HU","HAF","Petofibánya","Petofibanya","HE","--3--6--","RL","0901",,"4746N 01943E",
,"HU","HAG","Környe","Kornye","KE","--3--6--","RL","0901",,"4733N 01820E",
,"HU","HAI","Bokros","Bokros","CS","-----6--","RL","0901",,"4645N 02002E",
,"HU","HAJ","Hajdúböszörmény","Hajduboszormeny","HB","--3-----","RL","0212",,"4740N 02131E",
,"HU","HAL","Halásztelek","Halasztelek","PE","1-3-----","RL","0307",,"4722N 01859E",
,"HU","HAM","Abaújszántó","Abaujszanto","BZ","-----6--","RL","0901",,"4817N 02112E",
,"HU","HAN","Barcs","Barcs","SO","-----6--","RL","0901",,"4557N 01727E",
,"HU","HAO","Birjan","Birjan","BA","-----6--","RL","0901",,"4559N 01822E",
,"HU","HAP","Bekesszentandras","Bekesszentandras","BE","-----6--","RL","0901",,"4652N 02029E",
,"HU","HAQ","Barand","Barand","HB","-----6--","RL","0901",,"4718N 02114E",
,"HU","HAR","Csévharaszt","Csevharaszt","PE","-----6--","RL","0901",,"4718N 01926E",
,"HU","HAS","Csemo","Csemo","PE","-----6--","RL","0901",,"4707N 01942E",
,"HU","HAT","Hatvan","Hatvan",,"0-------","RQ","9307",,,
,"HU","HAU","Felcsut","Felcsut","FE","-----6--","RL","0901",,"4727N 01835E",
,"HU","HAV","Farmos","Farmos","PE","-----6--","RL","0901",,"4722N 01951E",
,"HU","HAW","Gelej","Gelej","BZ","-----6--","RL","0901",,"4750N 02047E",
,"HU","HAX","Hejokurt","Hejokurt","BZ","-----6--","RL","0901",,"4752N 02100E",
,"HU","HAY","Acs","Acs","KE","-----6--","RL","0901",,"4742N 01801E",
,"HU","HBA","Zsombo","Zsombo","CS","-----6--","RL","0901",,"4620N 01959E",
,"HU","HBB","Polgar","Polgar","HB","-----6--","RL","0901",,"4752N 02107E",
,"HU","HBC","Tofalu","Tofalu","HE","-----6--","RL","0901",,"4747N 02015E",
,"HU","HBD","Rétközberencs","Retkozberencs","SZ","--3--6--","RL","0901",,"4812N 02201E",
,"HU","HBE","Szabadbattyán","Szabadbattyan","FE","-----6--","RL","0901",,"4707N 01823E",
,"HU","HBF","Sarisap","Sarisap","KE","-----6--","RL","0901",,"4741N 01841E",
,"HU","HBG","Santos","Santos","SO","-----6--","RL","0901",,"4621N 01753E",
,"HU","HBH","Szodliget","Szodliget","PE","-----6--","RL","0901",,"4744N 01909E",
,"HU","HBI","Tapioszele","Tapioszele","PE","-----6--","RL","0901",,"4720N 01953E",
,"HU","HBJ","Teglas","Teglas","HB","-----6--","RL","0901",,"4743N 02141E",
,"HU","HBT","Tépe","Tepe","HB","--3-----","RL","0901",,"4719N 02135E",
,"HU","HCD","Hencida","Hencida","HB","--3-----","RL","1301",,"4715N 02142E",
,"HU","HDM","Hódmezovásárhely","Hodmezovasarhely","CS","-23-----","RL","0907",,"4625N 02020E",
,"HU","HDR","Hajdúnánás","Hajdunanas","HB","--3-----","RL","1301",,"4751N 02126E",
,"HU","HE5","Hegymagas","Hegymagas","VE","--3-----","RL","1807",,"4650N 01726E",
,"HU","HEG","Hegyeshalom","Hegyeshalom",,"-23-----","QQ","8202",,,
,"HU","HER","Hercegszántó","Hercegszanto",,"--3-----","RL","0212",,"4557N 01856E",
,"HU","HEV","Heves","Heves","HE","-23--6--","RL","0501",,"4736N 02017E",
,"HU","HEZ","Heviz","Heviz","ZA","--3-----","RL","1301",,"4647N 01711E",
,"HU","HGN","Hernád","Hernad","PE","--3-----","RL","1701",,"4710N 01926E",
,"HU","HGO","Herceghalom","Herceghalom","PE","--3-----","RL","0701",,"4730N 01845E",
,"HU","HIS","Hidasnémeti","Hidasnemeti",,"-2------","RL","0212",,"4830N 02114E",
,"HU","HJB","Hejobába","Hejobaba","BZ","--3-----","RL","1301",,"4754N 02057E",
,"HU","HJM","Hajmáskér","Hajmasker","VE","--3-----","RL","1601",,"4709N 01801E",
,"HU","HJS","Hajdúsámson","Hajdusamson","HB","--3-----","RL","1307",,"4736N 02146E",
,"HU","HKY","Harkany","Harkany","BA","--3-----","AM","2201",,"4550N 01814E",
,"HU","HOS","Hosszúpereszteg","Hosszupereszteg","VA","--3-----","RL","1301",,"4706N 01701E",
,"HU","HOT","Ostoros","Ostoros","HE","--3-----","RL","1407",,"4752N 02026E",
,"HU","HRT","Harta","Harta","BK","1-------","RL","1401",,"4641N 01901E",
,"HU","HRY","Hater","Hater",,"--3-----","RL","9805",,,
,"HU","HRZ","Hort","Hort","HE","--3-----","RL","1407",,"4742N 01947E",
,"HU","HSZ","Hajdúszoboszló","Hajduszoboszlo","HB","--3-----","RL","1607",,"4727N 02124E",
,"HU","HUY","Sajószöged","Sajoszoged","BZ","--3-----","RL","1301",,"4757N 02100E",
,"HU","HYF","Hegyfalu","Hegyfalu","VA","1----6--","RL","1107",,"4721N 01653E",
,"HU","HZG","Kunsziget","Kunsziget","GS","--3-----","RL","0901",,"4744N 01731E",
,"HU","HZZ","Zalalövo","Zalalovo","ZA","--3-----","RL","1607",,"4650N 01635E",
,"HU","IGA","Igal","Igal","SO","--3-----","RL","2001",,"4632N 01757E",
,"HU","IGI","Igrici","Igrici","BZ","--3-----","RL","1701",,"4752N 02053E",
,"HU","IGY","Imrehegy","Imrehegy","BK","--3-----","RL","1707",,"4629N 01919E",
,"HU","ILD","Iklad","Iklad","PE","-----6--","RL","0901",,"4740N 01927E",
,"HU","INA","Inárcs","Inarcs","PE","--3-----","RL","1601",,"4716N 01920E",
,"HU","IPO","Ipolytarnóc","Ipolytarnoc",,"-23-----","RL","0212",,"4814N 01938E",
,"HU","IPS","Ipolytölgyes","Ipolytolgyes","PE","--3-----","RL","0207",,"4755N 01846E",
,"HU","IVA","Ivan","Ivan","GS","--3-----","RQ","0901",,"4727N 01655E",
,"HU","IVS","Iváncsa","Ivancsa","FE","--3-----","RL","1607",,"4709N 01849E",
,"HU","IZK","Izsák","Izsak","BK","--3-----","RL","0701",,"4648N 01921E",
,"HU","IZY","Iszkaszentgyörgy","Iszkaszentgyorgy","FE","-----6--","RL","0901",,"4714N 01818E",
,"HU","JAF","Jászfényszaru","Jaszfenyszaru","JN","-23-----","RL","0212",,"4734N 01943E",
,"HU","JAN","Jánossomorja","Janossomorja","GS","-23-----","RL","0401",,"4748N 01707E",
,"HU","JAO","Jánoshalma","Janoshalma","BK","--3-----","RL","0212",,"4618N 01919E",
,"HU","JAS","Jászberény","Jaszbereny",,"-23-----","RL","0507",,"4729N 01954E",
,"HU","JHA","Jánosháza","Janoshaza",,"-23-----","RL","0607",,"4707N 01710E",
,"HU","JKZ","Jászárokszállás","Jaszarokszallas",,"123-----","RL","0601",,"4738N 01958E",
,"HU","JSZ","Jászapáti","Jaszapati",,"-23-----","RL","0601",,"4730N 02009E",
,"HU","KAB","Kaba","Kaba","HB","-23-----","RL","0507",,"4721N 02117E",
,"HU","KAL","Kál","Kal","HE","--3-----","RL","1301",,"4743N 02015E",
,"HU","KAP","Kaposfo","Kaposfo","SO","--3-----","RL","1301",,"4621N 01739E",
,"HU","KAR","Karcag","Karcag","JN","123-----","RL","0207",,"4718N 02055E",
,"HU","KAT","Kartal","Kartal","PE","--3-----","RL","1301",,"4740N 01933E",
,"HU","KAZ","Kazincbarcika","Kazincbarcika","BZ","-23-----","RL","0207",,"4815N 02039E",
,"HU","KBJ","Kisbajcs","Kisbajcs","GS","--3-----","RL","1407",,"4745N 01741E",
,"HU","KBO","Kisbajom","Kisbajom","SO","--3-----","RL","1801",,"4618N 01730E",
,"HU","KBR","Kisber","Kisber","KE","-----6--","RQ","1001",,"4730N 01802E",
,"HU","KCO","Kalocsa","Kalocsa","BK","123-----","RL","0212",,"4631N 01900E",
,"HU","KCS","Kecskemet","Kecskemet",,"0-------","QQ",,,,
,"HU","KDK","Kadarkut","Kadarkut","SO","--3-----","AM","2201",,"4614N 01738E",
,"HU","KEL","Kelebia","Kelebia",,"-2------","QQ","8202",,,
,"HU","KEM","Kemeneskápolna","Kemeneskapolna","VA","--3-----","RL","1301",,"4712N 01707E",
,"HU","KER","Kernye","Kernye",,"--3-----","RL","0201",,"4701N 02110E",
,"HU","KET","Ketegyhaza","Ketegyhaza","BE","1-3-----","RQ","0901",,,
,"HU","KEZ","Keszthely","Keszthely","ZA","-23-----","RL","0207",,"4646N 01715E",
,"HU","KFR","Kunfehértó","Kunfeherto","BK","--3-----","RL","1701",,"4621N 01925E",
,"HU","KGD","Kisigmánd","Kisigmand","KE","--3-----","RL","1607",,"4739N 01806E",
,"HU","KGY","Kerekegyháza","Kerekegyhaza",,"--3-----","RQ","0607",,"4656N 01929E",
,"HU","KHY","Kéthely","Kethely","SO","--3-----","RL","0701",,"4639N 01723E",
,"HU","KIA","Kisvárda","Kisvarda","SZ","123-----","RL","0212",,"4813N 02204E",
,"HU","KIM","Kimle","Kimle","GS","--3-----","RL","1407",,"4750N 01722E",
,"HU","KIR","Királd","Kirald","BZ","-23-----","RL","1201",,"4815N 02024E",
,"HU","KIS","Kiskunfélegyháza","Kiskunfelegyhaza",,"--3-----","RL","0212",,"4643N 01951E",
,"HU","KIT","Kistarcsa","Kistarcsa","KE","--3-----","RL","0407",,"4732N 01756E",
,"HU","KJA","Kisújszállás","Kisujszallas","JN","--3-----","RL","1301",,"4713N 02046E",
,"HU","KJZ","Kajaszo","Kajaszo","FE","--3-----","RQ","0907",,"4719N 01844E",
,"HU","KKS","Kiskõrös","Kiskoros","BK","-23-----","RL","0907",,"4637N 01917E",
,"HU","KKU","Kekkut","Kekkut","VE","1----6--","RL","0901",,"4651N 01734E",
,"HU","KLK","Kistelek","Kistelek","CS","-23-----","RL","0207",,"4628N 01958E",
,"HU","KLM","Komlóska","Komloska","BZ","--3-----","RL","1601",,"4820N 02128E",
,"HU","KLO","Komló","Komlo","BA","--3-----","RL","1607",,"4612N 01816E",
,"HU","KMD","Kunmadaras","Kunmadaras","JN","-23-----","RL","0307",,"4725N 02047E",
,"HU","KMJ","Kiskunmajsa","Kiskunmajsa",,"--3--6--","RQ","0607",,"4629N 01344E",
,"HU","KML","Kömlo","Komlo","HE","--3-----","RL","1607",,"4736N 02027E",
,"HU","KMO","Komoró","Komoro","SZ","--3-----","RL","1301",,"4818N 02207E",
,"HU","KMS","Kemenessömjén","Kemenessomjen","VA","--3-----","RL","1901",,"4718N 01708E",
,"HU","KOK","Kóka","Koka","PE","--3-----","RL","1301",,"4729N 01935E",
,"HU","KOM","Komárom","Komarom",,"123-----","RL","0212",,"4744N 01807E",
,"HU","KOR","Körmend","Kormend","VA","123-----","RL","0407",,"4701N 01636E",
,"HU","KOS","Koszeg","Koszeg",,"-23-----","RL","0207",,"4723N 01623E",
,"HU","KOT","Kötegyán","Kotegyan",,"-23-----","RL","0212",,"4644N 02128E",
,"HU","KOV","Köveskál","Koveskal","VE","--3-----","RL","1707",,"4653N 01736E",
,"HU","KOZ","Koszárhegy","Koszarhegy","FE","--3-----","RL","0901",,"4706N 01820E",
,"HU","KPD","Kiskorpád","Kiskorpad","SO","--3-----","RL","1701",,"4621N 01737E",
,"HU","KPE","Kerepestarcsa","Kerepestarcsa","PE","--3-----","RL","0701",,"4734N 01916E",
,"HU","KPK","Kaposújlak","Kaposujlak","SO","--3-----","RL","1601",,"4622N 01744E",
,"HU","KPS","Kaposvár","Kaposvar",,"--3-----","RL","0212",,"4622N 01748E",
,"HU","KPT","Káptalantóti","Kaptalantoti","VE","--3-----","RL","1707",,"4651N 01731E",
,"HU","KRK","Kereki","Kereki",,"--3-----","RQ","0607",,"4680N 01791E",
,"HU","KRO","Koroncó","Koronco","GS","--3-----","RL","0701",,"4736N 01732E",
,"HU","KRS","Kerepes","Kerepes","PE","-----6--","RQ","1001",,"4732N 01916E",
,"HU","KS8","Kulcs","Kulcs","FE","-----6--","RL","1107",,"4703N 01855E",
,"HU","KSD","Körösladány","Korosladany","BE","-23-----","RL","0507",,"4658N 02105E",
,"HU","KSJ","Kismarj","Kismarj","HB","--3-----","RL","1501",,"4715N 02150E",
,"HU","KSK","Kiskunhalas","Kiskunhalas",,"0-------","QQ",,,,
,"HU","KSR","Kocsér","Kocser","PE","-----6--","RQ","1001",,"4700N 01954E",
,"HU","KSZ","Kunszallas","Kunszallas","BK","-----6--","RL","0901",,"4646N 01945E",
,"HU","KTJ","Kistokaj","Kistokaj","BZ","--3-----","RL","1707",,"4803N 02051E",
,"HU","KUN","Kunhegyes","Kunhegyes","JN","-23-----","RL","0901",,"4722N 02038E",
,"HU","KUT","Soskut","Soskut","BK","-----6--","RQ","1007",,"4649N 01905E",
,"HU","KVE","Kevermes","Kevermes","BE","--3-----","RL","0207",,"4624N 02111E",
,"HU","KVP","Kapuvár","Kapuvar",,"--3-----","RL","0212",,"4736N 01702E",
,"HU","KZA","Kópháza","Kophaza","GS","--3-----","RL","0701",,"4738N 01639E",
,"HU","KZB","Baj","Baj","KE","--3-----","RL","0901",,"4739N 01822E",
,"HU","KZL","Kovagoszolos","Kovagoszolos","BA","--3-----","RL","1207",,"4605N 01808E",
,"HU","KZM","Kunszentmiklós","Kunszentmiklos","BK","--3-----","RL","0901",,"4702N 01908E",
,"HU","KZR","Kiszombor","Kiszombor","CS","-----6--","RQ","1001",,"4611N 02026E",
,"HU","KZT","Kunszentmárton","Kunszentmarton","JN","--3-----","RL","1307",,"4650N 02017E",
,"HU","LAB","Lábatlan","Labatlan",,"123-----","RL","0607",,"4745N 01831E",
,"HU","LAI","Lakihegy","Lakihegy","PE","--3-----","RL","0901",,"4722N 01901E",
,"HU","LAJ","Lajosmizse","Lajosmizse","BK","-2------","RL","0207",,"4701N 01903E",
,"HU","LAK","Lakhegy","Lakhegy","ZA","--3-----","RL","0701",,"4655N 01652E",
,"HU","LBY","Lebeny","Lebeny","GS","--3-----","RL","0901",,"4744N 01723E",
,"HU","LEK","Jásztelek","Jasztelek","JN","--3-----","RL","1801",,"4729N 02000E",
,"HU","LEN","Lenti","Lenti","ZA","-----6--","RQ","1007",,"4637N 01632E",
,"HU","LES","Lesencetom","Lesencetom","VE","--3-----","RQ","0907",,"4651N 01722E",
,"HU","LET","Letenye","Letenye",,"--3-----","QQ","8202",,,
,"HU","LKK","Lakitelek","Lakitelek","BK","--3-----","RL","0701",,"4652N 01959E",
,"HU","LMY","Lágymányos","Lagymanyos",,"123-----","RL","0601",,"4728N 01903E",
,"HU","LNC","Nyarlrrinc","Nyarlrrinc","BK","--3-----","RL","0701",,"4651N 01952E",
,"HU","LNR","Leanyvar","Leanyvar","KE","-----6--","RL","0901",,"4768N 01877E",
,"HU","LOK","Lokösháza","Lokoshaza",,"-23-----","RL","0212",,"4625N 02124E",
,"HU","LOV","Lövo","Lovo","GS","--3-----","RL","1307",,"4730N 01647E",
,"HU","LRC","Lörinci","Lorinci","HE","--3-----","RL","0701",,"4744N 01941E",
,"HU","LT9","Látrány","Latrany","SO","--3-----","RL","1307",,"4645N 01745E",
,"HU","LTR","Litér","Liter","VE","-23-----","RL","1201",,"4706N 01801E",
,"HU","LUK","Lukácsháza","Lukacshaza","VA","--3-----","RL","0901",,,
,"HU","LVA","Lovászi","Lovaszi","ZA","--3-----","RL","1401",,"4633N 01634E",
,"HU","LYF","Leányfalu","Leanyfalu","PE","--3-----","RL","1301",,"4743N 01905E",
,"HU","LYI","Lengyeltóti","Lengyeltoti","SO","--3-----","RL","1401",,"4640N 01739E",
,"HU","LZA","Lovászpatona","Lovaszpatona","VE","--3-----","RL","1707",,"4726N 01738E",
,"HU","MAD","Madocsa","Madocsa","TO","-23-----","RL","0307",,"4641N 01858E",
,"HU","MAR","Marcali","Marcali","SO","--3-----","RL","0207",,"4635N 01724E",
,"HU","MAT","Mátészalka","Mateszalka","SZ","-2------","RL","0212",,"4757N 02219E",
,"HU","MAY","Malyi","Malyi","BZ","--3-----","RL","1207",,"4801N 02050E",
,"HU","MCQ","Miskolc","Miskolc",,"1--4----","AI","9601",,,
,"HU","MCS","Mocsa","Mocsa","KE","-----6--","RL","1807",,"4740N 01811E",
,"HU","MDA","Mad","Mad","BZ","--3-----","RL","0701",,"4812N 02117E",
,"HU","MED","Medgyesegyhaza","Medgyesegyhaza","BE","--3-----","RL","1107",,"4630N 02102E",
,"HU","MEH","Méhkerék","Mehkerek","BE","--3-----","RL","1307",,"4647N 02127E",
,"HU","MET","Mesteri","Mesteri","VA","--3-----","RL","1701",,"4713N 01705E",
,"HU","MEZ","Mezokövesd","Mezokovesd","BZ","--3-----","RL","0212",,"4749N 02035E",
,"HU","MFE","Martfü","Martfu","JN","--3-----","RL","0212",,"4701N 02016E",
,"HU","MGB","Magyarbóly","Magyarboly",,"-2------","RL","0212",,"4551N 01829E",
,"HU","MGD","Maglod","Maglod","PE","-----6--","RL","0901",,"4727N 01922E",
,"HU","MGF","Magyarfalva","Magyarfalva",,"-2------","QQ","8202",,,
,"HU","MGO","Mágocs","Magocs","BA","--3-----","RL","1607",,"4621N 01814E",
,"HU","MHO","Mórahalom","Morahalom","CS","--3-----","RL","0701",,"4613N 01953E",
,"HU","MIR","Mirelite","Mirelite",,"0-------","RQ","9307",,,
,"HU","MIS","Kozármisleny","Kozarmisleny","BA","--3-----","RL","1807",,"4602N 01818E",
,"HU","MJA","Majoshaza","Majoshaza","PE","-----6--","RQ","1001",,"4716N 01900E",
,"HU","MKN","Mecseknádasd","Mecseknadasd",,"1-3-----","RL","0601",,"4613N 01828E",
,"HU","MKO","Mako","Mako","CS","--3-----","RL","0701",,"4613N 02029E",
,"HU","MKS","Mezokovácsháza","Mezokovacshaza",,"--3-----","RL","0201",,"4624N 02053E",
,"HU","MND","Mende","Mende","PE","-23-----","RL","1801",,"4725N 01927E",
,"HU","MNK","Mandok","Mandok","SZ","-----6--","RQ","1001",,"4819N 02212E",
,"HU","MNM","Mosonmagyaróvár","Mosonmagyarovar","GS","--3-----","RL","0212",,"4731N 01716E",
,"HU","MNR","Martonvásár","Martonvasar","FE","-----6--","RL","0901",,"4718N 01847E",
,"HU","MNY","Mány","Many","FE","--3-----","RL","1801",,"4732N 01840E",
,"HU","MOH","Mohács","Mohacs",,"1-------","RL","0212",,"4600N 01841E",
,"HU","MOL","Szomolya","Szomolya","BZ","--3-----","RL","1801",,"4754N 02030E",
,"HU","MON","Monor","Monor","PE","-----6--","RQ","1001",,"4720N 01926E",
,"HU","MOR","Mór","Mor","FE","--3-----","RL","0207",,"4722N 01812E",
,"HU","MOZ","Mosonszolnok","Mosonszolnok","GS","-23-----","RL","0307",,"4751N 01711E",
,"HU","MPC","Mikepércs","Mikepercs","HB","--3-----","AM","2201",,"4727N 02138E",
,"HU","MSY","Mucsony","Mucsony","BZ","--3-----","RQ","0907",,"4816N 02041E",
,"HU","MTY","Mártély","Martely","CS","1-3-----","RL","0901",,"4629N 02013E",
,"HU","MUR","Murakeresztúr","Murakeresztur",,"-2------","RL","0212",,"4621N 01653E",
,"HU","MYD","Mogyoród","Mogyorod","PE","-----6--","RL","1201",,"4736N 01915E",
,"HU","MYH","Magyarbánhegyes","Magyarbanhegyes","BE","--3-----","RL","0212",,"4627N 02057E",
,"HU","MYZ","Mihályháza","Mihalyhaza",,"--3--6--","RL","0601",,"4718N 01720E",
,"HU","MZF","Mezofalva","Mezofalva","FE","--3-----","RQ","0907",,"4656N 01846E",
,"HU","MZK","Mezokomárom","Mezokomarom","FE","--3-----","RL","1601",,"4650N 01817E",
,"HU","MZO","Mezõtúr","Mezotur","JN","--3-----","RL","0701",,"4700N 02038E",
,"HU","MZY","Mezöberény","Mezobereny","BE","-2------","RL","0212",,"4649N 02101E",
,"HU","MZZ","Mezokeresztes","Mezokeresztes","BZ","--3-----","RL","1607",,"4749N 02041E",
,"HU","N2G","Nagyvenyim","Nagyvenyim","DU","--3-----","RL","1407",,"4658N 01851E",
,"HU","NAA","Nagykata","Nagykata","PE","-----6--","RQ","1001",,"4725N 01944E",
,"HU","NAD","Nádudvar","Nadudvar","HB","-23-----","RL","0307",,"4725N 02110E",
,"HU","NAG","Nagylak","Nagylak",,"--3-----","QQ","8202",,,
,"HU","NAK","Nagyrákos","Nagyrakos","VA","--3-----","RL","1701",,"4650N 01628E",
,"HU","NAS","Nádasd","Nadasd","VA","-23-5---","RL","1201",,"4657N 01637E",
,"HU","NAY","Nagyigmánd","Nagyigmand","KE","-23-----","RL","0401",,"4738N 01805E",
,"HU","NBR","Nyírbátor","Nyirbator","SZ","-23-----","RL","0212",,"4750N 02208E",
,"HU","NDO","Nyiradony","Nyiradony","HB","--3-----","RL","1207",,"4741N 02155E",
,"HU","NEM","Nemesvámos","Nemesvamos",,"--3-----","RL","0201",,"4703N 01752E",
,"HU","NG2","Nagymányok","Nagymanyok","TO","--3-----","RL","1607",,"4617N 01828E",
,"HU","NGB","Nagybajom","Nagybajom","SO","1-------","RQ","1001",,"4623N 17310E",
,"HU","NGD","Nagyréde","Nagyrede","HE","--3-----","RL","0212",,"4746N 01951E",
,"HU","NGH","Nyíregyháza","Nyiregyhaza",,"--3-----","RL","0212",,"4757N 02143E",
,"HU","NGK","Nagykölked","Nagykolked","VA","--3-----","RL","1801",,"4704N 01633E",
,"HU","NGL","Nagypall","Nagypall","BA","--3-----","AM","2201",,"4609N 01827E",
,"HU","NGM","Nagymaros","Nagymaros","PE","-2------","RL","1201",,"4747N 01858E",
,"HU","NGP","Nógrádsáp","Nogradsap","NO","--3-----","RL","1701",,"4750N 01921E",
,"HU","NGS","Nagycsécs","Nagycsecs","BZ","--3-----","RL","1807",,"4758N 02057E",
,"HU","NGT","Nagyatád","Nagyatad",,"--3-----","RL","0212",,"4613N 01722E",
,"HU","NGU","Nyergesújfalu","Nyergesujfalu","KE","--3-----","RL","0701",,"4746N 01833E",
,"HU","NGY","Nagykanizsa","Nagykanizsa",,"--3-----","RQ","9501",,,
,"HU","NHB","Nagyrábé","Nagyrabe","HB","--3-----","RL","1607",,"4712N 02120E",
,"HU","NHY","Nyírmihálydi","Nyirmihalydi","SZ","--3-----","RL","0701",,"4744N 02159E",
,"HU","NKH","Nyékládháza","Nyekladhaza","BZ","--3-----","RL","1301",,"4759N 02050E",
,"HU","NKM","Nagykamarás","Nagykamaras","BE","--3-----","RL","1801",,"4628N 02107E",
,"HU","NKS","Nagykörös","Nagykoros",,"--3-----","RL","0207",,"4701N 01946E",
,"HU","NMS","Nemessándorháza","Nemessandorhaza","ZA","-----6--","RL","1201",,"4647N 01657E",
,"HU","NOG","Nógrád","Nograd","NO","--3-----","RL","1501",,"4755N 01903E",
,"HU","NOV","Novaj","Novaj","HE","-----6--","RL","1107",,,
,"HU","NPP","Palotás","Palotas","NO","--3-----","RL","1601",,"4747N 01935E",
,"HU","NSA","Nagytarcsa","Nagytarcsa","PE","--3-----","RL","1207",,"4732N 01917E",
,"HU","NSK","Nagyszekeres","Nagyszekeres","SZ","--3-----","RL","1601",,"4758N 02237E",
,"HU","NSZ","Neszmély","Neszmely",,"123-----","RL","0607",,"4743N 01821E",
,"HU","NTS","Nyírtass","Nyirtass","SZ","--3-----","RL","1707",,"4807N 02202E",
,"HU","NVA","Nova","Nova","ZA","--3-----","RL","1301",,"4641N 01641E",
,"HU","NVD","Nemesvid","Nemesvid","SO","--3-----","RL","1607",,"4629N 01715E",
,"HU","NVY","Nagyvazsony","Nagyvazsony","VE","--3-----","RL","2001",,"4700N 01742E",
,"HU","NW7","Szenna","Szenna","SO","--3-----","RL","1401",,"4618N 01744E",
,"HU","NY7","Nyirmeggyes","Nyirmeggyes","SZ","--3-----","RL","1607",,"4755N 02216E",
,"HU","NYA","Nyíracsad","Nyiracsad","HB","--3-----","RL","2001",,"4736N 02159E",
,"HU","NYB","Nyirbogdany","Nyirbogdany","SZ","--3-----","RQ","0907",,"4803N 02153E",
,"HU","NYC","Nagykovácsi","Nagykovacsi","PE","--3-----","RL","0901",,"4735N 01853E",
,"HU","NYD","Nyirád","Nyirad","VE","--3-----","RL","1701",,"4700N 01727E",
,"HU","NYH","Nagyharsány","Nagyharsany","BA","--3-----","RL","1307",,"4550N 01823E",
,"HU","NYI","Nyírábrány","Nyirabrany",,"-23-----","RL","0212",,"4733N 02202E",
,"HU","NYL","Nyúl","Nyul","GS","-----6--","RL","0901",,"4735N 01741E",
,"HU","NYO","Nagykallo","Nagykallo","SZ","-----6--","RQ","1001",,"4747N 02150E",
,"HU","NYR","Nyírgelse","Nyirgelse","SZ","-23-----","RL","0212",,"4745N 02158E",
,"HU","NYS","Nyírlugos","Nyirlugos","SZ","--3-----","RL","1701",,"4742N 02203E",
,"HU","NYT","Nyírtelek","Nyirtelek","SZ","--3-----","RL","0901",,"4801N 02138E",
,"HU","NYY","Nagykökényes","Nagykokenyes","HE","--3-----","AM","2107",,"4744N 01936E",
,"HU","NZA","Nagyrada","Nagyrada","ZA","1-3-----","RL","1401",,"4637N 01707E",
,"HU","NZJ","Noszvaj","Noszvaj","HE","--3-----","RL","1207",,"4756N 02029E",
,"HU","NZO","Noszlop","Noszlop","VE","--3-----","RL","1407",,"4711N 01728E",
,"HU","OCD","Ócsárd","Ocsard","BA","--3-----","AM","2101",,"4556N 01809E",
,"HU","OCS","Ócsa","Ocsa",,"-23-----","RL","0601",,"4718N 01914E",
,"HU","OER","Ör","Or","SZ","--3-----","RL","1301",,"4759N 02212E",
,"HU","OFE","Ofeherto","Ofeherto","SZ","--3-----","RQ","1007",,"4756N 02203E",
,"HU","OGV","Orgovány","Orgovany","BK","--3-----","RL","1407",,"4644N 01928E",
,"HU","OKD","Tokod","Tokod","KE","--3-----","RL","0901",,"4743N 01840E",
,"HU","OKF","Ököritófülpös","Okoritofulpos","SZ","--3-----","RL","1607",,"4755N 02230E",
,"HU","OKY","Oerkeny","Oerkeny","PE","-----6--","RQ","1001",,"4707N 01925E",
,"HU","OLZ","Olasz","Olasz","BA","-----6--","RL","0901",,"4601N 01825E",
,"HU","OOD","Göd","God","PE","1-3-----","RL","0901",,"4742N 01908E",
,"HU","OOK","Palotabozsok","Palotabozsok","BA","--3-----","RL","1301",,"4608N 01839E",
,"HU","OPU","Opusztaszer","Opusztaszer","CS","--3-----","AM","2101",,"4629N 02005E",
,"HU","ORK","Örkény","Orkeny","PE","--3-----","RL","1601",,"4708N 01926E",
,"HU","ORO","Oroszlány","Oroszlany","KE","-23--6--","RL","0401",,"4729N 01819E",
,"HU","ORS","Orosháza","Oroshaza",,"--3-----","RL","0212",,"4634N 02040E",
,"HU","OTN","Orbottyán","Orbottyan","PE","-----6--","RL","0901",,"4741N 01916E",
,"HU","OZD","Ózd","Ozd","BZ","--3-----","RL","0901",,"4813N 02018E",
,"HU","PAH","Páhi","Pahi","BK","--3-----","RL","1301",,"4642N 01923E",
,"HU","PAK","Paks","Paks","TO","-23-----","RL","0207",,"4637N 01851E",
,"HU","PAL","Pálmonostora","Palmonostora","BK","1----6--","RL","0901",,"4638N 01956E",
,"HU","PAN","Pánd","Pand","PE","--3-----","RL","1301",,"4721N 01938E",
,"HU","PAP","Pápa","Papa",,"--3-----","RL","0212",,"4720N 01728E",
,"HU","PAR","Parassapuszta","Parassapuszta",,"--3-----","QQ","8202",,,
,"HU","PAS","Paszto","Paszto","NO","--3-----","RQ","0907",,"4755N 01942E",
,"HU","PAT","Patak","Patak","NO","--3-----","RL","1207",,"4802N 01909E",
,"HU","PCA","Piliscsaba","Piliscsaba","PE","--3-----","RL","0701",,"4737N 01850E",
,"HU","PCL","Pécsely","Pecsely",,"-23-----","RL","1107",,,
,"HU","PCS","Pacsa","Pacsa","ZA","--3-----","RL","1601",,"4643N 01701E",
,"HU","PEC","Pécs","Pecs",,"--3-----","RL","0212","QPJ","4605N 01814E",
,"HU","PED","Pécsvárad","Pecsvarad","BA","--3-----","RL","1407",,"4609N 01825W",
,"HU","PEL","Pécel","Pecel","BK","--3-----","RL","0901",,"4729N 01921E",
,"HU","PER","Perkupa","Perkupa",,"-23-----","RL","0607",,"4828N 02042E",
,"HU","PES","Szigetcsép","Szigetcsep","PE","1-3-----","RL","0901",,"4716N 01859E",
,"HU","PEU","Ujlengyel","Ujlengyel","PE","--3-----","RL","1407",,"4713N 01927E",
,"HU","PFU","Pétfürdö","Petfurdo","VE","--3-----","RL","0907",,"4710N 01807E",
,"HU","PFZ","Petofiszállás","Petofiszallas","BK","--3-----","RL","1607",,"4637N 01950E",
,"HU","PGY","Peremarton-Gyártelep","Peremarton-Gyartelep","VE","--3-----","RL","0701",,"4708N 01806E",
,"HU","PIJ","Pilisjászfalu","Pilisjaszfalu","PE","--3-----","RL","1301",,"4739N 01847E",
,"HU","PIS","Pilis","Pilis","PE","--3-----","RL","1501",,"4717N 01933E",
,"HU","PKA","Paka","Paka","ZA","--3-----","AM","2201",,"4635N 01639E",
,"HU","PKS","Papkeszi","Papkeszi","VE","--3-----","RQ","0907",,"4705N 01805E",
,"HU","PLL","Pilisvörösvár","Pilisvorosvar","PE","--3-----","RL","0212",,"4737N 01855E",
,"HU","PMT","Pilismarot","Pilismarot","KE","--3-----","RQ","0901",,"4747N 01853E",
,"HU","PNL","Pannonhalma","Pannonhalma","GS","--3-----","RL","1601",,"4733N 01745E",
,"HU","POM","Pomáz","Pomaz","PE","-23-----","RL","0701",,"4739N 01901E",
,"HU","PPL","Püspökladány","Puspokladany","HB","--3-----","RL","1607",,"4719N 02107E",
,"HU","PSA","Sáp","Sap","HB","--3-----","RL","1407",,"4715N 02122E",
,"HU","PSU","Pusztaszabolcs","Pusztaszabolcs","FE","-23--6--","RL","0507",,"4708N 01846E",
,"HU","PTT","Pusztamonostor","Pusztamonostor","JN","-----6--","RQ","1001",,"4733N 01948E",
,"HU","PTU","Petrikeresztúr","Petrikeresztur","ZA","--3-----","RL","1801",,"4644N 01644E",
,"HU","PTY","Páty","Paty",,"--3-----","RL","0201",,"4731N 01850E",
,"HU","PUS","Püspökmolnári","Puspokmolnari","VA","--3-----","RL","1201",,"4706N 01648E",
,"HU","PUZ","Pusztamiske","Pusztamiske","VE","--3-----","RL","1201",,"4704N 01727E",
,"HU","PZB","Pusztaberki","Pusztaberki","NO","--3-----","RL","1301",,"4758N 01910E",
,"HU","PZS","Pusztaszer","Pusztaszer","CS","--3-----","RL","0907",,"4633N 01959E",
,"HU","PZV","Pilisszentiván","Pilisszentivan","PE","--3-----","RL","0701",,"4737N 01854E",
,"HU","QW2","Baracska","Baracska","FE","--3-----","RL","1501",,"4717N 01846E",
,"HU","RAA","Ráckeve","Rackeve",,"--3-----","RL","0212",,"4710N 01857E",
,"HU","RAB","Rábafüzes","Rabafuzes",,"--3-----","QQ","0207",,"4657N 01619E",
,"HU","RAK","Rákóczifalva","Rakoczifalva","SK","--3-----","RL","0901",,"4705N 02014E",
,"HU","RAT","Ratka","Ratka","BZ","--3-----","RL","1207",,"4813N 02114E",
,"HU","RBP","Rábapatona","Rabapatona","GS","--3-----","RL","1501",,"4738N 01729E",
,"HU","RCY","Rábacsécsény","Rabacsecseny","GS","--3-----","RL","1701",,"4734N 01725E",
,"HU","RDE","Erdokertes","Erdokertes","PE","--3-----","RL","0212",,"4740N 01919E",
,"HU","RED","Rédics","Redics",,"--3-----","RL","0212",,"4637N 01629E",
,"HU","REE","Rede","Rede","KE","--3-----","RL","1207",,"4726N 01755E",
,"HU","REV","Révleányvár","Revleanyvar","BZ","--3-----","RQ","1001",,"4832N 02204E",
,"HU","RJB","Rajkabrany","Rajkabrany",,"-2------","QQ","8202",,,
,"HU","RJK","Rajka","Rajka",,"-23-----","QQ","8202",,,
,"HU","RLS","Rácalmás","Racalmas","FE","-----6--","RL","0901",,"4701N 01856E",
,"HU","ROS","Röszke","Roszke",,"-23-----","RL","0207",,"4611N 02002E",
,"HU","RPK","Répcelak","Repcelak","VA","--3-----","RL","0212",,"4725N 01701E",
,"HU","RRV","Bodrogkisfalud","Bodrogkisfalud","BZ","--3-----","RL","0901",,"4811N 02122E",
,"HU","RSP","Sárospatak","Sarospatak",,"123-----","RL","0601",,"4819N 02134E",
,"HU","RTG","Rétság","Retsag",,"--3-----","RL","0212",,"4756N 01908E",
,"HU","RTK","Tárnok","Tarnok","PE","--3-----","RL","0901",,"4722N 01851E",
,"HU","RTO","Ratot","Ratot","VA","-23-----","AM","2101",,"4658N 01626E",
,"HU","RUS","Ruzsa","Ruzsa","CS","--3-----","RL","1301",,"4617N 01945E",
,"HU","RVK","Bárdudvarnok","Bardudvarnok","SO","--3-----","RL","0901",,"4620N 01741E",
,"HU","SAA","Szava","Szava","BA","--3-----","RL","1801",,"4554N 01810E",
,"HU","SAG","Ságvár","Sagvar",,"--3-----","RL","0607",,"4650N 01807E",
,"HU","SAJ","Sajószentpéter","Sajoszentpeter","BZ","-23-----","RL","0212",,"4813N 02043E",
,"HU","SAK","Szank","Szank","BK","--3-----","RL","1301",,"4633N 01940E",
,"HU","SAL","Salgótarján","Salgotarjan",,"--3-----","RL","0212",,"4807N 01949E",
,"HU","SAS","Sásd","Sasd","BA","--3-----","RL","2001",,"4615N 01807E",
,"HU","SAT","Sátoraljaújhely","Satoraljaujhely",,"-23-----","RL","0212",,"4824N 02140E",
,"HU","SBB","Sajobabony","Sajobabony","BZ","--3-----","RQ","0907",,"4810N 02044E",
,"HU","SBG","Sárbogárd","Sarbogard","FE","-23-----","RL","0307",,"4653N 01838E",
,"HU","SBK","Szászberek","Szaszberek","JN","--3-----","RL","1301",,"4719N 02006E",
,"HU","SBS","Szabolcs","Szabolcs","BZ","--3-----","RQ","0907",,"4811N 02130E",
,"HU","SBY","Fuzesabony","Fuzesabony","KE","-----6--","RL","1107",,"4745N 02025E",
,"HU","SCV","Piliscsév","Piliscsev","BK","--3-----","RL","0901",,"4741N 01849E",
,"HU","SCY","Szécsény","Szecseny",,"-23-----","RL","0601",,"4805N 01932E",
,"HU","SDA","Szada","Szada","PE","--3-----","RL","0701",,"4738N 01919E",
,"HU","SDS","Szabadszallas","Szabadszallas","BK","-----6--","RQ","1001",,"4656N 01913E",
,"HU","SDT","Szakadát","Szakadat","TO","-23-----","RL","1201",,"4632N 01829E",
,"HU","SEY","Szederkeny","Szederkeny","BA","-23-----","AM","2101",,"4559N 01827E",
,"HU","SGD","Segesd","Segesd","SO","--3-----","RL","1701",,"4621N 01721E",
,"HU","SGH","Szigethalom","Szigethalom","PE","--3-----","RL","0701",,"4720N 01900E",
,"HU","SGS","Seregélyes","Seregelyes","FE","--3-----","RL","0701",,"4707N 01835E",
,"HU","SGY","Szabadegyháza","Szabadegyhaza",,"-23--6--","RL","0601",,"4705N 01842E",
,"HU","SGZ","Somogyszob","Somogyszob","SO","--3-----","RQ","0907",,"4618N 01718E",
,"HU","SHA","Szeghalom","Szeghalom",,"--3-----","RL","0701",,"4701N 02110E",
,"HU","SHY","Somlovasarhely","Somlovasarhely","VE","--3-----","RL","1207",,"4707N 01723E",
,"HU","SIK","Siklós","Siklos","BA","--3-----","RL","0212",,"4550N 01818E",
,"HU","SIO","Siófok","Siofok","SO","-23-----","RL","0507",,"4654N 01803E",
,"HU","SJL","SAJOLAD","SAJOLAD","BZ","--3-----","AM","2101",,"4803N 02054E",
,"HU","SJP","Sajópetri","Sajopetri","BZ","--3-----","RL","1801",,"4802N 02054E",
,"HU","SKD","Sarkad","Sarkad","BE","--3-----","RL","0901",,"4645N 02123E",
,"HU","SKO","Sükösd","Sukosd","BK","--3-----","RL","0701",,"4617N 01900E",
,"HU","SKZ","Sarkeresztes","Sarkeresztes","FE","--3-----","RQ","0907",,"4715N 01821E",
,"HU","SLN","Somlójeno","Somlojeno","VE","--3-----","RL","1701",,"4707N 01722E",
,"HU","SLO","Lábod","Labod","SO","--3-----","RL","1601",,"4612N 01727E",
,"HU","SLR","Solymar","Solymar","PE","-----6--","RL","0901",,"4735N 01855E",
,"HU","SLY","Sály","Saly","BZ","--3-----","RL","2001",,"4757N 02040E",
,"HU","SMD","Somogybabod","Somogybabod","SO","--3-----","RL","1701",,"4640N 01747E",
,"HU","SME","Szemere","Szemere","BZ","-----6--","RQ","0907",,"4846N 02109E",
,"HU","SMG","Somogyudvarhely","Somogyudvarhely","SO","--3-----","RL","1301",,"4610N 01712E",
,"HU","SMI","Sárszentmihály","Sarszentmihaly","FE","-23--6--","RL","0507",,"4709N 01820E",
,"HU","SMO","Szomor","Szomor","KE","--3-----","RL","0901",,"4735N 01840E",
,"HU","SMS","Szorgalmatos","Szorgalmatos",,"-23-----","RL","0601",,"4758N 02122E",
,"HU","SNA","Szentlorinckáta","Szentlorinckata","PE","-23--6--","RL","0507",,"4731N 01945E",
,"HU","SND","Sopronkovesd","Sopronkovesd","GS","-----6--","RQ","1001",,"4733N 01645E",
,"HU","SNM","Alsónémedi","Alsonemedi","PE","--3-----","RL","0907",,"4719N 01911E",
,"HU","SNY","Szany","Szany","GS","--3-----","RL","1601",,"4728N 01718E",
,"HU","SOA","Szentlorinc","Szentlorinc","BA","-----6--","RQ","1001",,"4602N 01759E",
,"HU","SOB","Sármellék","Sarmellek","ZA","---4----","AI","0212",,"4643N 01710E",
,"HU","SOG","Somogyszentpal","Somogyszentpal","SO","--3-----","RL","2001",,"4639N 01729E",
,"HU","SOL","Solt","Solt","BA","--3-----","RL","1207",,"4647N 01900E",
,"HU","SOM","Somoskoújfalu","Somoskoujfalu",,"-23-----","RL","0212",,"4809N 01949E",
,"HU","SOP","Sopron","Sopron",,"-23-----","QQ","8202",,,
,"HU","SOR","Söréd","Sored","FE","--3-----","RL","1407",,"4719N 01817E",
,"HU","SOY","Somogycsicsó","Somogycsicso","SO","--3-----","RL","1301",,"4618N 01707E",
,"HU","SPE","Isaszeg","Isaszeg","PE","--3-----","RL","1207",,"4732N 01924E",
,"HU","SPG","Sopron Gysev","Sopron Gysev",,"-2------","QQ","8202",,,
,"HU","SRK","Sirok","Sirok","HE","-----6--","RQ","0907",,"4756N 02012E",
,"HU","SRY","Simontornya","Simontornya","TO","-23-----","RL","0207",,"4645N 01833E",
,"HU","SSZ","Szamosszeg","Szamosszeg","SZ","--3-----","RQ","1001",,"4803N 02222E",
,"HU","STF","Szentantalfa","Szentantalfa","VE","--3-----","RL","1601",,"4655N 01741E",
,"HU","STZ","Nyírmada","Nyirmada","SZ","--3-----","RL","1301",,"4804N 02212E",
,"HU","SUE","Sümeg","Sumeg","VM","--3-----","RL","1301",,"4659N 01717E",
,"HU","SUO","Sukoró","Sukoro","FE","-----6--","RQ","1001",,"4714N 01836E",
,"HU","SUT","Sütto","Sutto","KE","--3-----","RL","1501",,"4745N 01827E",
,"HU","SVK","Soltvadkert","Soltvadkert","BK","--3-----","RL","0701",,"4634N 01923E",
,"HU","SVR","Sárvár","Sarvar","VA","-23-----","RL","0501",,"4715N 01656E",
,"HU","SVS","Szarvas","Szarvas",,"-23-----","RL","0207",,"4652N 02033E",
,"HU","SVY","Savoly","Savoly",,"--3--6--","RQ","0607",,"4635N 01715E",
,"HU","SYG","Szügy","Szugy",,"-23-----","RL","0607",,"4802N 01920E",
,"HU","SZ2","Szikszo","Szikszo","BZ","--3-----","RL","1301",,"4812N 02056E",
,"HU","SZA","Szálanta","Szalanta",,"--3-----","RL","0601",,"4556N 01814E",
,"HU","SZB","Százhalombatta","Szazhalombatta",,"-23-----","RL","0601",,"4720N 01856E",
,"HU","SZC","Szerencs","Szerencs",,"--3-----","RL","0701",,"4811N 02112E",
,"HU","SZD","Szentendre","Szentendre","PE","1-3-----","RL","0212",,"4742N 01903E",
,"HU","SZE","Szeged","Szeged",,"1-------","QQ","8202",,,
,"HU","SZF","Szárföld","Szarfold","GS","--3-----","RL","1301",,"4736N 01707E",
,"HU","SZG","Szentgotthárd","Szentgotthard",,"-2------","RL","0212",,"4657N 01620E",
,"HU","SZI","Szigetvár","Szigetvar","BA","-23-----","RL","0212",,"4602N 01748E",
,"HU","SZJ","Szajol","Szajol","JN","--3-----","RL","0207",,"4711N 02017E",
,"HU","SZK","Szekszárd","Szekszard",,"--3-----","RL","0212",,"4621N 01843E",
,"HU","SZL","Szolnok","Szolnok",,"0-------","QQ",,,,
,"HU","SZM","Szigetszentmiklós","Szigetszentmiklos","PE","123-----","RL","0407",,"4721N 01903E",
,"HU","SZN","Szendro","Szendro","BZ","--3-----","RL","0901",,"4824N 02044E",
,"HU","SZO","Szob","Szob",,"-2------","QQ","8202",,,
,"HU","SZR","Székesfehérvár","Szekesfehervar",,"--3-----","RL","0212",,"4712N 01825E",
,"HU","SZS","Szentes","Szentes","CS","--3-----","RL","0701",,"4639N 02016E",
,"HU","SZT","Szatta","Szatta","VA","--3-----","RL","1301",,"4648N 01629E",
,"HU","SZV","Szárcsás","Szarcsas",,"--3-----","RL","0201",,"4712N 02119E",
,"HU","SZY","Szombathely","Szombathely",,"--3-----","RQ","9501",,,
,"HU","SZZ","Szatymaz","Szatymaz","CS","-----6--","RL","0901",,"4621N 02003E",
,"HU","T5S","Tápszentmiklós","Tapszentmiklos","GS","--3-----","RL","1501",,"4729N 01751E",
,"HU","TAA","Tatabánya","Tatabanya","KE","-23-----","RL","0212",,"4733N 01826E",
,"HU","TAB","Tab","Tab","SO","--3-----","RL","0901",,"4644N 01802E",
,"HU","TAC","Tác","Tac","FE","1-------","RL","1701",,"4705N 01824E",
,"HU","TAK","Takacsi","Takacsi","VE","--3-----","RL","1501",,"4724N 01729E",
,"HU","TAP","Tapolca","Tapolca","VE","-23-----","RL","0207",,"4653N 01726E",
,"HU","TAR","Tardona","Tardona","BZ","--3-----","RL","1301",,"4810N 02032E",
,"HU","TAT","Tata","Tata","KE","--3-----","RL","0207",,"4738N 01818E",
,"HU","TAY","Tállya","Tallya","BZ","--3-----","RL","1401",,"4814N 02114E",
,"HU","TDI","Tabdi","Tabdi","BK","--3-----","RL","1301",,"4641N 01918E",
,"HU","TEL","Telekgerendás","Telekgerendas","BE","-23-----","RL","0307",,"4639N 02056E",
,"HU","TEN","Tenk","Tenk","HE","--3-----","RL","1301",,"4739N 02021E",
,"HU","TET","Tét","Tet","GS","--3-----","RL","1501",,"4731N 01730E",
,"HU","TEY","Tényo","Tenyo","GS","--3-----","RL","1201",,"4732N 01739E",
,"HU","TFD","Tiszafüred","Tiszafured","JN","-----6--","RL","0901",,"4737N 02046E",
,"HU","THT","Tahitotfalu","Tahitotfalu","PE","1----6--","RL","0901",,"4745N 01906E",
,"HU","TIA","Tiszafoldvar","Tiszafoldvar","JN","--3-----","AM","2007",,"4959N 02015E",
,"HU","TIM","Timár","Timar","SZ","--3-----","RL","1201",,"4810N 02128E",
,"HU","TIS","Tiszapüspöki","Tiszapuspoki","JN","--3-----","RL","1301",,"4712N 02019E",
,"HU","TIZ","Tiszakécske","Tiszakecske","BK","-23-----","RL","1201",,"4656N 02006E",
,"HU","TKB","Törökbálint","Torokbalint",,"--3-----","RL","0212",,"4726N 01855E",
,"HU","TKD","Teskánd","Teskand","ZA","--3-----","RL","1407",,"4650N 01646E",
,"HU","TKL","Tokol","Tokol","PE","--3-----","RL","1707",,"4719N 01858E",
,"HU","TKO","Tok","Tok","PE","-----6--","RL","0901",,"4734N 01844E",
,"HU","TKV","Turkeve","Turkeve","JN","--3-----","RQ","0901",,"4706N 02045E",
,"HU","TMS","Tamási","Tamasi","TO","--3-----","RL","0901",,"4638N 01817E",
,"HU","TNA","Tolna","Tolna","TO","--3-----","RL","0701",,"4626N 01847E",
,"HU","TO4","Törtel","Tortel","PE","--3-----","RL","1601",,"4707N 01956E",
,"HU","TOD","Tornanádaska","Tornanadaska",,"-23-----","RL","0212",,"4834N 02047E",
,"HU","TOJ","Tokaj","Tokaj","SZ","1----6--","RL","0901",,"4807N 02125E",
,"HU","TOK","Törökszentmiklós","Torokszentmiklos",,"-23-----","RL","0601",,"4710N 02025E",
,"HU","TOL","Tököl","Tokol","PE","--3-----","RL","1301",,"4719N 01857E",
,"HU","TOM","Tompa","Tompa",,"--3-----","QQ","8202",,,
,"HU","TON","Tornyosnémeti","Tornyosnemeti",,"--3-----","RL","0212",,"4831N 02116E",
,"HU","TOS","Tolcsva","Tolcsva",,"--3-----","RL","0607",,"4817N 02127E",
,"HU","TOT","Tótvázsony","Totvazsony",,"--3-----","RL","0901",,"4701N 01747E",
,"HU","TPS","Terpes","Terpes","HE","--3-----","AM","2007",,"4758N 02009E",
,"HU","TPZ","Tapioszentmarton","Tapioszentmarton","PE","--3-----","AM","2207",,"4720N 01945E",
,"HU","TRA","Tarany","Tarany","SO","--3-----","RL","1801",,"4611N 01718E",
,"HU","TRC","Tarcal","Tarcal",,"-23-----","RL","0607",,"4808N 02121E",
,"HU","TRD","Tarnabod","Tarnabod","HE","--3-----","RL","1607",,"4741N 02013E",
,"HU","TRN","Tarján","Tarjan","KE","--3-----","RL","1607",,"4737N 01831E",
,"HU","TRP","Tarpa","Tarpa","SZ","--3-----","RL","1207",,"4806N 02232E",
,"HU","TRY","Torony","Torony","VA","--3-----","RL","0901",,"4714N 01632E",
,"HU","TSA","Töltéstava","Toltestava","GS","--3-----","RL","0701",,"4737N 01744E",
,"HU","TSB","Tuzser","Tuzser","SZ","--3-----","RL","1207",,"4821N 02208E",
,"HU","TSY","Taksony","Taksony","PE","-----6--","RL","0901",,"4720N 01905E",
,"HU","TSZ","Tiszaszalka","Tiszaszalka","SZ","--3-----","AM","2201",,"4811N 02219E",
,"HU","TUR","Tura","Tura",,"--3-----","RL","1107",,"4736N 01935E",
,"HU","TYO","Tyukod","Tyukod","SZ","--3-----","RL","0907",,"4751N 02235E",
,"HU","TZD","Tiszabezded","Tiszabezded","SZ","-----6--","RQ","1001",,"4822N 02209E",
,"HU","TZG","Tószeg","Toszeg","JN","--3-----","RL","0901",,"4706N 02009E",
,"HU","TZK","Tiszalök","Tiszalok","SZ","-23-----","RL","0501",,"4801N 02123E",
,"HU","TZS","Tiszaújváros","Tiszaujvaros","BZ","--3-----","RL","0212",,"4756N 02104E",
,"HU","TZV","Tiszavasvári","Tiszavasvari","SZ","--3-----","RL","0212",,"4758N 02121E",
,"HU","TZY","Tarnaszadány","Tarnaszadany","HE","--3-----","RL","0701",,"4741N 02008E",
,"HU","UDV","Udvar","Udvar",,"--3-----","QQ","8202",,,
,"HU","UHO","Újfehértó","Ujfeherto","SZ","--3-----","RL","0701",,"4748N 02141E",
,"HU","UJH","Újhartyán","Ujhartyan","PE","-23-----","RL","0407",,"4713N 01923E",
,"HU","UJR","Újrónafo","Ujronafo","GS","--3-----","RL","1301",,"4748N 01712E",
,"HU","UJS","Ujszentivan","Ujszentivan","CS","--3-----","RL","1601",,"4611N 02011E",
,"HU","UJZ","Ujszilvas","Ujszilvas","PE","--3-----","RL","2001",,"4717N 01956E",
,"HU","ULL","Üllo","Ullo","PE","-23-----","RL","0507",,"4723N 01921E",
,"HU","ULS","Ulles","Ulles","CS","--3-----","RQ","0907",,"4620N 01951E",
,"HU","UOM","Üröm","Urom","PE","--3-----","RL","1401",,"4736N 01901E",
,"HU","UPS","Újpest","Ujpest",,"1-3-----","RL","0601",,"4734N 01905E",
,"HU","URA","Uraiújfalu","Uraiujfalu","VA","--3-----","RL","1601",,"4722N 01659E",
,"HU","UZA","Újszász","Ujszasz","JN","--3-----","RL","0701",,"4718N 02005E",
,"HU","VAC","Vác","Vac","PE","-23-----","RL","0212",,"4747N 01907E",
,"HU","VAJ","Vaja","Vaja","SZ","--3-----","RL","1301",,"4800N 02210E",
,"HU","VAM","Vámosszabadi","Vamosszabadi",,"--3-----","RL","0212",,"4746N 01739E",
,"HU","VAO","Városföld","Varosfold","BK","--3-----","RL","1301",,"4649N 01945E",
,"HU","VAR","Várpalota","Varpalota","VE","-23-----","RL","0401",,"4712N 01808E",
,"HU","VAS","Vasad","Vasad","PE","--3-----","RL","1401",,"4719N 01924E",
,"HU","VCS","Gávavencsello","Gavavencsello","SZ","--3-----","RL","1801",,"4810N 02136E",
,"HU","VEC","Vecsés","Vecses","PE","-23-----","RL","0907",,"4724N 01917E",
,"HU","VEL","Velence","Velence",,"-23-----","RL","0601",,"4715N 01839E",
,"HU","VEM","Zánka","Zanka","VE","--3-----","RL","1601",,"4653N 01741E",
,"HU","VEP","Vép","Vep","VA","--3-----","RL","0901",,"4714N 01644E",
,"HU","VER","Verocemaros","Verocemaros","PE","-23-----","RL","0212",,"4750N 01902E",
,"HU","VES","Kemeneshogyész","Kemeneshogyesz","VE","--3-----","RL","1307",,"4721N 01718E",
,"HU","VEZ","Mezolak","Mezolak","VE","--3-----","RL","1407",,"4720N 01722E",
,"HU","VGY","Veresegyház","Veresegyhaz","PE","-23--6--","RL","0507",,"4739N 01917E",
,"HU","VIG","Visegrád","Visegrad","PE","1-3-----","RL","0212",,"4748N 01858E",
,"HU","VIL","Villány","Villany","BA","-23-----","RL","0507",,"4552N 01827E",
,"HU","VIS","Viszák","Viszak","VA","--3-----","RL","1301",,"4652N 01629E",
,"HU","VJA","Jákfa","Jakfa","VA","--3-----","RL","1801",,"4720N 01658E",
,"HU","VKS","Vaskeresztes","Vaskeresztes","VA","--3-----","RL","0901",,"4712N 01627E",
,"HU","VRP","Verpelét","Verpelet",,"-23-----","RL","0607",,"4751N 02014E",
,"HU","VST","Visonta","Visonta","HE","--3-----","RL","0901",,"4747N 02002E",
,"HU","VSY","Vásárosnamény","Vasarosnameny","SZ","-23--6--","RL","0701",,"4807N 02218E",
,"HU","VSZ","Vasszécseny","Vasszecseny",,"-23-----","RL","0601",,"4711N 01646E",
,"HU","VTL","Vértestolna","Vertestolna","KE","--3-----","RL","1601",,"4738N 01827E",
,"HU","VVR","Vasvár","Vasvar","VA","-23-----","RL","0212",,"4703N 01648E",
,"HU","VZP","Veszprém","Veszprem","VE","-23-----","RL","0212","ZFP","4705N 01754E",
,"HU","XEL","Kecel","Kecel","BK","1----6--","RL","1107",,,
,"HU","XXX","RIS Inland waterways","RIS Inland waterways",,"1-------","AI","1101",,,
,"HU","ZAH","Záhony","Zahony",,"-23-----","RL","0212",,"4825N 02211E",
,"HU","ZAK","Zalakomár","Zalakomar","ZA","--3-----","RL","0212",,"4633N 01710E",
,"HU","ZAL","Zala","Zala","SO","--3-----","RL","0207",,"4644N 01759E",
,"HU","ZAN","Nagypáli","Nagypali","ZA","--3-----","RL","1407",,"4655N 01651E",
,"HU","ZAR","Aszar","Aszar","BK","1-------","RQ","0901",,,
,"HU","ZBR","Zalaber","Zalaber","ZA","--3-----","RL","0701",,"4658N 01702E",
,"HU","ZCF","Zichyujfalu","Zichyujfalu","FE","--3-----","RL","1207",,"4708N 01841E",
,"HU","ZCY","Zalacsany","Zalacsany","ZA","-----6--","RQ","1001",,"4648N 01750E",
,"HU","ZER","Zalaegerszeg","Zalaegerszeg","ZA","-23-----","RL","0212",,"4650N 01650E",
,"HU","ZGM","Mindszentgodisa","Mindszentgodisa","BA","--3-----","RL","1607",,"4613N 01804E",
,"HU","ZHA","Kiskunlacháza","Kiskunlachaza","PE","-----6--","RQ","0907",,"4712N 01901E",
,"HU","ZHK","Kiskunlacháza","Kiskunlachaza","PE","--3-----","RL","1307",,"4712N 01901E",
,"HU","ZHP","Zalahalap","Zalahalap","VM","-----6--","RQ","1001",,"4691N 01746E",
,"HU","ZKR","Szakmár","Szakmar","BK","--3-----","RL","2001",,"4633N 01904E",
,"HU","ZRC","Zirc","Zirc","VE","-23-----","RL","0207",,"4715N 01752E",
,"HU","ZSI","Zsira","Zsira","GS","1-------","RL","0701",,"4726N 01640E",
,"HU","ZSK","Zsámbék","Zsambek","PE","--3-----","RL","1301",,"4733N 01843E",
,"HU","ZST","Zalaszentgrot","Zalaszentgrot","ZA","--3-----","RQ","0907",,"4657N 01705E",
,"HU","ZTK","Zlate Klasy","Zlate Klasy",,"1----6--","RL","1107",,"4807N 01725E",
,"HU","ZXQ","Sormas","Sormas","ZA","--3-----","RL","1501",,"4627N 01655E",
,"HU","ZZ3","Ramocsahaza","Ramocsahaza","SZ","--3-----","RL","1601",,"4803N 02200E",
,"HU","ZZB","Mezozombor","Mezozombor","BZ","-23--6--","RL","0901",,"4809N 02116E",
