,"PT",,".PORTUGAL",,,,,,,,
,"PT","8DA","Odiáxere","Odiaxere","08","--3-----","RL","1807",,"3709N 00839W",
,"PT","8PS","Lanhezes","Lanhezes","16","--3-----","RL","1601",,"4144N 00840W",
,"PT","AA4","Abraã","Abraa","14","--3-----","RL","1701",,"3925N 00847W",
,"PT","AAR","Arada","Arada","01","--3-----","RL","1407",,"4055N 00836W",
,"PT","ABA","Azambujeira","Azambujeira","14","--3-----","RL","0401",,"3916N 00847W",
,"PT","ABF","Albufeira","Albufeira","08","123-----","RL","0401",,"3705N 00815W",
,"PT","ABG","Abrigada","Abrigada","11","--3-----","RL","0701",,"3909N 00901W",
,"PT","ABO","Aboboda","Aboboda","11","-23--6--","RL","0401",,"3843N 00920W",
,"PT","ABQ","Albarraque","Albarraque","11","--3-----","RL","0701",,"3846N 00921W",
,"PT","ABR","Abrunheira","Abrunheira","06","--3-----","RL","0401",,"4007N 00843W",
,"PT","ABS","Abraveses","Abraveses","18","-----6--","RL","1201",,"4040N 00755W",
,"PT","ABT","Abrantes","Abrantes","14","-23-----","RN","0401",,"3928N 00812W",
,"PT","ABV","Albergaria-a-Velha","Albergaria-a-Velha","01","-23-----","RL","0401",,"4042N 00829W",
,"PT","AC6","Ançã","Anca","06","--3-----","RL","1701",,"4016N 00831W",
,"PT","ACB","Alcabideche","Alcabideche","11","--3-----","RN","0401",,"3844N 00925W",
,"PT","ACD","Alcanede","Alcanede","14","--3-----","RN","0401",,"3925N 00849W",
,"PT","ACH","Avelãs de Caminho","Avelas de Caminho","01","--3-----","RL","1301",,"4029N 00827W",
,"PT","ACR","Alcoentre","Alcoentre","11","--3-----","RN","0401",,"3912N 00857W",
,"PT","ACS","Arcos","Arcos","16","--3-----","RL","1607",,"4145N 00840W",
,"PT","ACT","Alcoutim","Alcoutim","08","--3-----","RN","0401",,"3728N 00728W",
,"PT","ACZ","Arcozelo","Arcozelo","18","--3-----","RN","0401",,"4045N 00802W",
,"PT","ADA","Almendra","Almendra",,"-----6--","RL","1201",,"4100N 00703W",
,"PT","ADB","Aguada de Baixo","Aguada de Baixo",,"-2------","RQ","1001",,"4030N 00827W",
,"PT","ADC","Aveiras de Cima","Aveiras de Cima","11","--3-----","RL","0401",,"3908N 00854W",
,"PT","ADF","Adaúfe","Adaufe","03","--3-----","RL","1501",,"4135N 00824W",
,"PT","ADG","Amoreira da Gândara","Amoreira da Gandara","01","1----6--","RL","1407",,"4029N 00832W",
,"PT","ADH","Angra do Heroísmo","Angra do Heroismo","20","1-3-----","AI","0401",,"3839N 02713W",
,"PT","ADO","Alvaredo","Alvaredo","16","-----6--","RL","1201",,"4206N 00818W",
,"PT","ADS","Alcácer do Sal","Alcacer do Sal","15","-23-----","RL","0401",,"3822N 00830W",
,"PT","ADV","Almodôvar","Almodovar","02","--3-----","RN","0401",,"3731N 00804W",
,"PT","AEM","Alpendurada e Matos","Alpendurada e Matos","13","--3-----","RL","1301",,"4114N 00831W",
,"PT","AER","Além da Ribeira","Alem da Ribeira","16","--3-----","RN","0401",,"4137N 00845W",
,"PT","AES","Aves","Aves","13","--3-----","RN","0401",,"4122N 00824W",
,"PT","AFA","Alfena","Alfena","13","--3-----","RL","0401",,"4114N 00832W",
,"PT","AFE","Alfândega da Fé","Alfandega da Fe","04","--3-----","RN","0401",,"4120N 00658W",
,"PT","AFN","Arrifana","Arrifana","01","--3-----","RL","1301",,"4055N 00830W",
,"PT","AFR","São Pedro da Afurada","Sao Pedro da Afurada","13","1-------","RL","1201",,"4108N 00838W",
,"PT","AFZ","Alfeizerão","Alfeizerao","10","--3-----","RL","1501",,"3930N 00906W",
,"PT","AGA","Aguada de Cima","Aguada de Cima","01","--3-----","RQ","0901",,,
,"PT","AGB","Aguiar da Beira","Aguiar da Beira","09","--3-----","RN","0401",,"4049N 00733W",
,"PT","AGC","Aguçadoura","Agucadoura","13","--3-----","RL","1401",,"4126N 00847W",
,"PT","AGD","Aguda","Aguda","13","1-------","RL","1201",,"4103N 00839W",
,"PT","AGE","Agrela","Agrela","03","--3-----","RN","0401",,"4132N 00812W",
,"PT","AGL","Argoncilhe","Argoncilhe","01","--3-----","RN","0401",,"4101N 00832W",
,"PT","AGM","Águas de Moura","Aguas de Moura","15","-23-----","RN","0401",,"3835N 00842W",
,"PT","AGN","Arganil","Arganil","06","--3-----","RN","0401",,"4013N 00803W",
,"PT","AGO","Abragão","Abragao","13","--3-----","RL","1501",,"4109N 00813W",
,"PT","AGR","Almograve","Almograve",,"1-------","RL","1201",,"3739N 00848W",
,"PT","AGS","Algés","Alges","11","-23-----","RN","0401",,"3842N 00914W",
,"PT","AGU","Águeda","Agueda","01","-23-----","RL","0401",,"4034N 00827W",
,"PT","AGV","Agualva","Agualva","01","--3--6--","RL","0901",,"4050N 00815W",
,"PT","AGZ","Argozelo","Argozelo","04","--3-----","RN","0401",,"4139N 00636W",
,"PT","AHA","Abrunheira","Abrunheira","11","-----6--","RL","1201",,"3846N 00922W",
,"PT","AHD","Alhandra","Alhandra","11","--3-----","RQ","0901",,"3855N 00900W",
,"PT","AIA","Praia da Victoria","Praia da Victoria","20","--3-----","RQ","0907",,"3849N 00906W",
,"PT","AIO","Aião","Aiao","13","-23-----","RN","0401",,"4118N 00812W",
,"PT","AJB","Aljubarrota","Aljubarrota","10","--3-----","RL","0701",,"3934N 00856W",
,"PT","AJT","Aljustrel","Aljustrel","02","-23-----","RN","0401",,"3752N 00810W",
,"PT","AJZ","Aljezur","Aljezur","08","--3-----","RN","0401",,"3719N 00848W",
,"PT","AL8","Algoz","Algoz","06","--3-----","RL","1301",,"3710N 00818W",
,"PT","ALB","Albergaria","Albergaria","10","--3-----","RL","0401",,"3945N 00853W",
,"PT","ALC","Alcanena","Alcanena","14","--3-----","RL","0401",,"3927N 00840W",
,"PT","ALD","Almeida","Almeida","09","--3-----","RN","0401",,"4043N 00654W",
,"PT","ALE","Alcochete","Alcochete","15","--3-----","RL","0401",,"3845N 00858W",
,"PT","ALF","Alfragide","Alfragide","11","--3--6--","RQ","1001",,"3844N 00916W",
,"PT","ALG","Alagoa","Alagoa","06","--3-----","RL","1301",,"4018N 00821W",
,"PT","ALJ","Alijo","Alijo","17","--3-----","RN","0401",,"4137N 00745W",
,"PT","ALM","Almada","Almada","15","-23-----","RL","0401",,"3841N 00909W",
,"PT","ALN","Alenquer","Alenquer","11","--3-----","RL","0401",,"3903N 00900W",
,"PT","ALO","Alcobaça","Alcobaca","10","--3-----","RL","0212",,"3933N 00859W",
,"PT","ALR","Almeirim","Almeirim","14","--3-----","RN","0401",,"3925N 00843W",
,"PT","ALS","Alcains","Alcains","05","-23-----","RN","0401",,"3955N 00727W",
,"PT","ALT","Alter do Chão","Alter do Chao","12","--3-----","RN","0401",,"3912N 00740W",
,"PT","ALV","Alverca","Alverca","11","-23-----","RL","0401",,"3854N 00902W",
,"PT","AMA","Amadora","Amadora","11","-23-----","RL","0401",,"3845N 00914W",
,"PT","AMB","Amiais de Baixo","Amiais de Baixo","14","--3-----","RL","1601",,"3927N 00844W",
,"PT","AMC","Amiães de Cima","Amiaes de Cima","14","--3-----","RL","0401",,"3927N 00846W",
,"PT","AME","Amieirinha","Amieirinha","10","--3-----","RQ","0907",,"3953N 00746W",
,"PT","AMG","Almagreira","Almagreira","10","--3-----","RN","0401",,"3959N 00840W",
,"PT","AMI","Amorim","Amorim","13","-23-----","RN","0401",,"4124N 00845W",
,"PT","AMJ","Amareleja","Amareleja","02","--3-----","RN","0401",,"3812N 00714W",
,"PT","AML","Almancil","Almancil","08","-23-----","RN","0401",,"3705N 00802W",
,"PT","AMO","Amora","Amora","15","--3-----","RN","0401",,"3837N 00907W",
,"PT","AMP","Almargem","Almargem","11","--3-----","RL","0607",,"3851N 00916W",
,"PT","AMR","Amares","Amares","03","--3-----","RN","0401",,"4138N 00821W",
,"PT","AMT","Amarante","Amarante","13","-23--6--","RN","0401",,"4116N 00805W",
,"PT","ANA","Anadia","Anadia","01","--3-----","RL","0401",,"4026N 00826W",
,"PT","ANC","Ancora","Ancora","16","--3-----","RL","0901",,"4147N 00850W",
,"PT","ANG","Angeiras","Angeiras","13","1-------","RL","1201",,"4116N 00843W",
,"PT","ANI","Anais","Anais","16","--3-----","RL","0901",,"4142N 00831W",
,"PT","ANO","Albernoa","Albernoa","02","--3-----","RL","1207",,"3752N 00758W",
,"PT","ANS","Ansião","Ansiao","10","--3-----","RN","0401",,"3955N 00826W",
,"PT","AOD","Alandroal","Alandroal","07","--3-----","RN","0401",,"3842N 00724W",
,"PT","AOR","Arcossó","Arcosso","17","--3-----","RL","1601",,"4139N 00736W",
,"PT","APC","Alpiarça","Alpiarca","14","--3-----","RN","0401",,"3915N 00835W",
,"PT","APP","Aldeia de Paio Pires","Aldeia de Paio Pires","15","--3-----","RL","1301",,"3837N 00905W",
,"PT","AQB","Alquerubim","Alquerubim","01","--3-----","RL","1207",,"4037N 00830W",
,"PT","ARA","Areosa","Areosa","16","--3-----","RQ","0607",,"4142N 00851W",
,"PT","ARC","Arouca","Arouca","01","--3-----","RN","0401",,"4056N 00815W",
,"PT","ARD","Ardido","Ardido","10","--3-----","RL","0607",,"3929N 00859W",
,"PT","ARE","Alferrarede","Alferrarede","14","--3-----","RL","0212",,"3929N 00810W",
,"PT","ARF","Arrifana","Arrifana","06","--3-----","RL","0601",,"4013N 00816W",
,"PT","ARG","Arreigada","Arreigada","13","--3-----","RN","0401",,"4115N 00824W",
,"PT","ARJ","Alverca do Ribatejo","Alverca do Ribatejo","11","--3-----","RQ","0901",,"3853N 00902W",
,"PT","ARL","Arraiolos","Arraiolos","07","-23-----","RN","0401",,"3843N 00759W",
,"PT","ARM","Armamar","Armamar","18","--3-----","RN","0401",,"4106N 00742W",
,"PT","ARO","Algueirão","Algueirao","11","--3-----","RL","1301",,"3848N 00920W",
,"PT","ARP","Armação de Pêra","Armacao de Pera","08","1-3-----","RN","0401",,"3706N 00821W",
,"PT","ARR","Arronches","Arronches","12","--3-----","RN","0401",,"3907N 00717W",
,"PT","ARV","Arruda dos Vinhos","Arruda dos Vinhos","11","--3-----","RN","0401",,"3859N 00905W",
,"PT","ARZ","Ariz","Ariz","13","--3-----","RN","0401",,"4106N 00813W",
,"PT","ASD","Adães","Adaes","03","-23-----","RN","0401",,"4131N 00834W",
,"PT","ATB","Atouguia da Baleia","Atouguia da Baleia","10","--3-----","RN","0401",,"3920N 00920W",
,"PT","ATC","Atalaia do Campo","Atalaia do Campo","01","--3-----","RL","1207",,"4003N 00726W",
,"PT","ATH","Alcantarilha","Alcantarilha","08","--3-----","RL","1307",,"3708N 00821W",
,"PT","AVA","Alvorninha","Alvorninha","11","--3-----","RL","1501",,"3923N 00902W",
,"PT","AVB","Aveiras De Baixo","Aveiras De Baixo","11","--3-----","RL","1501",,"3907N 00852W",
,"PT","AVC","Avanca","Avanca","01","--3-----","RL","0401",,"4048N 00834W",
,"PT","AVD","Aveleda","Aveleda","13","-23-----","RN","0401",,"4117N 00815W",
,"PT","AVE","Aveiro","Aveiro","01","123-----","AI","0401",,"4038N 00839W",
,"PT","AVI","Avintes","Avintes","13","-23-----","RL","0401",,"4107N 00833W",
,"PT","AVL","Alvarelhos","Alvarelhos","13","-23-----","RN","0401",,"4118N 00836W",
,"PT","AVM","Abade de Vermoim","Abade de Vermoim","03","--3-----","RN","0401",,"4123N 00829W",
,"PT","AVO","Avidos","Avidos","03","--3-----","RQ","0907",,"4122N 00829W",
,"PT","AVP","Pindelo","Pindelo","01","1-3--6--","RL","0907",,"4052N 00827W",
,"PT","AVR","Alvor","Alvor","08","--3-----","RL","1301",,"3708N 00834W",
,"PT","AVS","Avis","Avis","12","--3-----","RN","0401",,"3903N 00753W",
,"PT","AVT","Alvito","Alvito","02","-23-----","RN","0401",,"3815N 00759W",
,"PT","AVV","Arcos de Valdevez","Arcos de Valdevez","16","--3-----","RN","0401",,"4151N 00825W",
,"PT","AVZ","Alvaiázere","Alvaiazere","10","--3-----","RN","0401",,"3949N 00823W",
,"PT","AZA","Azambuja","Azambuja","11","-23-----","RL","0401",,"3904N 00852W",
,"PT","AZD","Arazede","Arazede","06","--3-----","RL","1307",,"4017N 00839W",
,"PT","AZJ","Azaruja","Azaruja","07","-23-----","RN","0401",,"3842N 00747W",
,"PT","AZM","Azenhas do Mar","Azenhas do Mar",,"1-------","RL","1201",,"3850N 00927W",
,"PT","AZT","Azeitão","Azeitao","15","--3-----","RN","0401",,"3831N 00901W",
,"PT","AZU","Azueira","Azueira","11","--3-----","RL","1401",,"3900N 00917W",
,"PT","B4R","Adaufe","Adaufe","03","--3-----","RL","1601",,"4135N 00824W",
,"PT","BAA","Baião","Baiao","13","--3-----","RN","0401",,"4109N 00802W",
,"PT","BAN","Banatica","Banatica","15","123-----","AI","0401",,"3840N 00912W",
,"PT","BAO","Barro","Barro","01","1-3-----","RQ","0901",,,
,"PT","BAR","Barcelos","Barcelos","03","-23-----","RL","0401",,"4132N 00837W",
,"PT","BAT","Batalha","Batalha","10","-23-----","RL","0401",,"3939N 00850W",
,"PT","BBA","Borba","Borba","07","-23-----","RN","0401",,"3848N 00727W",
,"PT","BBL","Bobadela","Bobadela","11","-23-----","RN","0401",,"3849N 00906W",
,"PT","BBN","Baixa da Banheira","Baixa da Banheira","15","--3-----","RN","0401",,,
,"PT","BCA","Branca","Branca","01","-23-----","RL","0607",,"4046N 00829W",
,"PT","BDB","Vila Boa do Bispo","Vila Boa do Bispo","13","--3-----","RL","1301",,"4107N 00812W",
,"PT","BDG","São Bartolomeu dos Galegos","Sao Bartolomeu dos Galegos","11","--3-----","RL","1501",,"3916N 00916W",
,"PT","BDM","Benfica do Ribatejo","Benfica do Ribatejo","14","--3-----","RL","1501",,"3909N 00841W",
,"PT","BDZ","Albergaria dos Doze","Albergaria dos Doze",,"-----6--","RL","1107",,"3947N 00835W",
,"PT","BEA","Barcarena","Barcarena","11","-23-----","RN","0401",,"3844N 00917W",
,"PT","BEC","Beça","Beca","17","--3-----","RL","1601",,"4142N 00742W",
,"PT","BEI","Beijos","Beijos","18","1-3-----","RQ","0901",,,
,"PT","BEJ","Beja","Beja","02","-23-----","RL","0401",,"3801N 00752W",
,"PT","BEL","Bela Salema","Bela Salema","08","--3-----","RL","1801",,"3704N 00756W",
,"PT","BGC","Bragança","Braganca","04","-234----","AI","0401",,"4149N 00645W",
,"PT","BGL","Bugalhos","Bugalhos","14","-----6--","RQ","1007",,"3927N 00839W",
,"PT","BGZ","Braga","Braga","03","--34----","AI","0401",,"4133N 00826W",
,"PT","BHC","Banho e Carvalhosa","Banho e Carvalhosa","13","--3-----","RN","0401",,"4114N 00810W",
,"PT","BIM","Boim","Boim","13","--3-----","RL","1207",,"4116N 00817W",
,"PT","BLS","Belas","Belas","11","--3--6--","RN","0401",,"3846N 00916W",
,"PT","BLZ","Balazar","Balazar","13","--3-----","RN","0401",,"4124N 00838W",
,"PT","BML","Belém","Belem","08","--3-----","RL","0401",,"3719N 00835W",
,"PT","BMT","Belmonte","Belmonte","05","--3-----","RN","0401",,"4021N 00721W",
,"PT","BNG","Benagil","Benagil",,"1-------","RL","1201",,"3705N 00826W",
,"PT","BNT","Benedita","Benedita","10","--3-----","RN","0401",,"3925N 00859W",
,"PT","BNV","Benavente","Benavente","14","--3--6--","RN","0401",,"3859N 00848W",
,"PT","BOC","Bouça","Bouca","17","1-3-----","RL","1401",,"4139N 00713W",
,"PT","BOL","Boliqueime","Boliqueime","08","-23-----","RL","1401",,"3707N 00809W",
,"PT","BOM","Bombarral","Bombarral","10","-23-----","RL","0401",,"3916N 00909W",
,"PT","BPA","Bemposta","Bemposta","04","--3-----","RL","1301",,"4119N 00630W",
,"PT","BQS","Barqueiros","Barqueiros","03","--3-----","RL","1301",,"4129N 00844W",
,"PT","BRA","Joane","Joane","03","1-3-----","RQ","0901",,,
,"PT","BRE","Beire","Beire","13","-----6--","RQ","1007",,"4115N 00819W",
,"PT","BRG","Burgau","Burgau",,"1-------","RL","1201",,"3704N 00846W",
,"PT","BRO","Barreiro","Barreiro","15","-23-----","RL","0401",,"3840N 00904W",
,"PT","BRR","Barrancos","Barrancos","02","--3-----","RN","0401",,"3808N 00659W",
,"PT","BRS","Barroselas","Barroselas","16","--3-----","RL","0207",,"4139N 00840W",
,"PT","BTR","Baltar","Baltar","13","1----6--","RQ","0907",,"4111N 00823W",
,"PT","BTS","Boticas","Boticas","17","--3-----","RL","0401",,"4141N 00740W",
,"PT","BUC","Bucelas","Bucelas","11","--3-----","RL","0701",,"3854N 00907W",
,"PT","BUS","Bustos","Bustos",,"1----6--","RL","1201",,"4030N 00836W",
,"PT","CAA","Cacia","Cacia","01","--3--6--","RL","0401",,"4041N 00836W",
,"PT","CAB","Cabeço de Vide","Cabeco de Vide","12","-23-----","RL","0401",,"3908N 00735W",
,"PT","CAC","Cacém","Cacem","11","1-3-----","RL","0401",,"3846N 00918W",
,"PT","CAL","Calheta, Island São Jorge","Calheta, Island Sao Jorge","20","1-3-----","AI","0401",,"3836N 02801W",
,"PT","CAM","Caminha","Caminha","16","-23-----","RL","0401",,"4152N 00850W",
,"PT","CAN","Condeixa a Nova","Condeixa a Nova","06","--3-----","RL","0401",,"4007N 00830W",
,"PT","CAO","Carvoeiro","Carvoeiro","08","--3-----","RL","1601",,"3706N 00828W",
,"PT","CAP","Costa da Caparica","Costa da Caparica","15","1-------","RL","1201",,"3838N 00913W",
,"PT","CAR","Carvalhos","Carvalhos","03","-23-----","RL","0401",,"4128N 00836W",
,"PT","CAS","Cascais","Cascais","11","1-3-----","AI","0401",,"3842N 00925W",
,"PT","CAV","Cavalos","Cavalos","08","--3-----","RL","1301",,"3719N 00757W",
,"PT","CAX","Caxias","Caxias","11","-23-----","RN","0401",,"3842N 00917W",
,"PT","CBL","Cabrela","Cabrela","07","--3-----","RN","0401",,"3836N 00828W",
,"PT","CBN","Casal dos Bernardos","Casal dos Bernardos","14","--3-----","RN","0401",,,
,"PT","CBP","Coimbra","Coimbra","06","-234----","AI","0401",,"4012N 00825W",
,"PT","CBR","Castelo Branco","Castelo Branco","05","-23-----","RL","0401",,"3949N 00730W",
,"PT","CBS","Cabeceiras de Basto","Cabeceiras de Basto","03","--3-----","RN","0401",,"4133N 00801W",
,"PT","CBT","Celorico de Basto","Celorico de Basto","03","--3-----","RN","0401",,"4123N 00800W",
,"PT","CBV","Cabanas de Tavira","Cabanas de Tavira","08","--3-----","RL","1607",,"3708N 00735W",
,"PT","CCB","Casal Comba","Casal Comba","01","--3-----","RL","1301",,"4022N 00828W",
,"PT","CCC","Chao de Couce","Chao de Couce","10","--3-----","RQ","0907",,"3953N 00822W",
,"PT","CCM","Casal De Cima","Casal De Cima","18","--3-----","RL","1601",,"4042N 00742W",
,"PT","CCS","Carcavelos","Carcavelos","11","--3-----","RQ","0901",,"3841N 00920W",
,"PT","CDA","Caldas do Moledo","Caldas do Moledo","13","--3-----","RL","1601",,"4109N 00750W",
,"PT","CDB","Cernache do Bonjardim","Cernache do Bonjardim","05","--3-----","RL","1501",,"3948N 00811W",
,"PT","CDC","Coimbra CDP","Coimbra CDP","06","--3-----","RN","0401",,"3954N 00853W",
,"PT","CDD","Covas do Douro","Covas do Douro","17","--3-----","RL","1601",,"4111N 00736W",
,"PT","CDL","Lisboa CDP","Lisboa CDP","11","--3-----","RN","0401",,"3900N 00908W",
,"PT","CDM","Cedovim","Cedovim","09","--3-----","RN","0401",,"4102N 00719W",
,"PT","CDO","Porto CDP","Porto CDP","13","-23-----","RN","0401",,"4106N 00805W",
,"PT","CDP","Cais do Pico","Cais do Pico","20","1-3-----","AI","0401",,"3831N 02819W",
,"PT","CDR","Caldas da Rainha","Caldas da Rainha","10","-23-----","RL","0401",,"3924N 00908W",
,"PT","CDS","Cardigos","Cardigos","14","--3-----","RQ","1001",,"3942N 00801W",
,"PT","CDV","Cadaval","Cadaval","11","--3-----","RN","0401",,"3914N 00906W",
,"PT","CDW","Calvária de Cima","Calvaria de Cima","10","--3-----","RL","1301",,"3938N 00852W",
,"PT","CEO","Canedo","Canedo","01","--3-----","RN","0401",,,
,"PT","CER","Cernache","Cernache","06","--3--6--","RL","0901",,"4008N 00828W",
,"PT","CES","Cambres","Cambres","18","1----6--","RL","1201",,"4108N 00748W",
,"PT","CEV","Cabanas de Viriato","Cabanas de Viriato","18","-----6--","RQ","1007",,"4028N 00759W",
,"PT","CGO","Carregosa","Carregosa","01","--3-----","RL","1701",,"4053N 00825W",
,"PT","CGS","Carregosa","Carregosa","15","--3-----","RL","1301",,"3840N 00858W",
,"PT","CHA","Canha","Canha","15","--3-----","RQ","0901",,"3846N 00837W",
,"PT","CHM","Chamusca","Chamusca","14","--3-----","RN","0401",,"3921N 00829W",
,"PT","CHV","Chaves","Chaves","17","-234----","AI","0401",,"4144N 00728W",
,"PT","CLB","Celorico da Beira","Celorico da Beira","09","-23-----","RN","0401",,"4038N 00723W",
,"PT","CLE","Caranguejeira","Caranguejeira","10","-----6--","RL","1201",,"3944N 00843W",
,"PT","CLH","Calheta, Island Madeira","Calheta, Island Madeira","30","--3-----","RN","0401",,"3243N 01711W",
,"PT","CLJ","Cercal do Alentejo","Cercal do Alentejo","15","--3-----","RN","0401",,"3748N 00840W",
,"PT","CLR","Colares","Colares","11","--3-----","RN","0401",,"3848N 00927W",
,"PT","CLS","Colos","Colos",,"1----6--","RL","1201",,"3744N 00828W",
,"PT","CLV","Casal de Loivos","Casal de Loivos","17","--3-----","RQ","0901",,"4112N 00732W",
,"PT","CMA","Castêlo da Maia","Castelo da Maia","13","-23-----","RL","1407",,"4115N 00837W",
,"PT","CMH","Camacha","Camacha","30","--3-----","RN","0401",,"3305N 01620W",
,"PT","CML","Câmara de Lobos","Camara de Lobos","30","1-3-----","RN","0401",,"3238N 01658W",
,"PT","CMM","Castro Marim","Castro Marim","08","-23-----","RN","0401",,"3713N 00726W",
,"PT","CMO","Campelos","Campelos","11","--3-----","RN","0401",,"3912N 00914W",
,"PT","CMP","Comporta","Comporta","15","--3-----","RL","1601",,"3823N 00847W",
,"PT","CMR","Campo Maior","Campo Maior","12","--3-----","RN","0401",,"3901N 00704W",
,"PT","CMT","Camarate","Camarate","11","-23-----","RL","0401",,"3848N 00908W",
,"PT","CNA","Coina","Coina","15","1-3-----","RL","0401",,"3836N 00903W",
,"PT","CNC","Caneças","Canecas","11","--3-----","RN","0401",,"3848N 00914W",
,"PT","CNF","Cinfães","Cinfaes","18","-23-----","RN","0401",,"4104N 00805W",
,"PT","CNI","Canas de Senhorim","Canas de Senhorim","18","-23-----","RN","0401",,"4030N 00754W",
,"PT","CNL","Caniçal","Canical","30","1-3-----","RL","0601",,"3244N 01644W",
,"PT","CNO","Caniço","Canico","30","--3-----","RL","0401",,"3238N 01651W",
,"PT","CNS","Canelas","Canelas","13","-23-----","RL","0401",,"4104N 00836W",
,"PT","CNV","Castelo do Neiva","Castelo do Neiva","16","1-------","RL","1201",,"4138N 00848W",
,"PT","CNX","Carnaxide","Carnaxide","11","-23-----","RN","0401",,"3843N 00915W",
,"PT","CO5","Cortes","Cortes","16","--3-----","RL","1601",,"4204N 00831W",
,"PT","COI","Coimbrão","Coimbrao","10","--3-----","RL","0401",,"3954N 00853W",
,"PT","COJ","Coja","Coja","06","--3-----","RN","0401",,"4016N 00759W",
,"PT","COL","Colmeias","Colmeias","10","--3-----","RL","1301",,"3948N 00843W",
,"PT","CON","Constância","Constancia","14","--3-----","RL","0212",,"3928N 00820W",
,"PT","COR","Coronado-Sao Mamede","Coronado-Sao Mamede",,"--3-----","RL","0901",,,
,"PT","COV","Covilhã","Covilha","05","-234----","AI","0401",,"4017N 00730W",
,"PT","CPB","Campo de Besteiros","Campo de Besteiros","18","--3-----","RN","0401",,"4033N 00808W",
,"PT","CPC","Caparica","Caparica","15","-23-----","RN","0401",,"3840N 00912W",
,"PT","CPH","Carapelhos","Carapelhos","06","--3-----","RL","1501",,"4026N 00841W",
,"PT","CPL","Capelo","Capelo","20","1-3-----","RN","0401",,"3835N 02847W",
,"PT","CPR","Castanheira de Pêra","Castanheira de Pera","10","--3-----","RN","0401",,"4000N 00813W",
,"PT","CPV","Castelo de Paiva","Castelo de Paiva","01","--3-----","RN","0401",,"4104N 00816W",
,"PT","CR2","Carvalhosa","Carvalhosa","13","--3-----","RL","1801",,"4118N 00822W",
,"PT","CRA","Carregal do Sal","Carregal do Sal","18","-23-----","RN","0401",,"4026N 00800W",
,"PT","CRB","Casa Branca","Casa Branca",,"1----6--","RQ","1001",,"3830N 00810W",
,"PT","CRC","Carrasqueira","Carrasqueira","15","1-------","RL","1201",,"3829N 00906W",
,"PT","CRE","Coruche","Coruche","14","-23-----","RL","0401",,"3857N 00831W",
,"PT","CRG","Carrazedo de Montenegro","Carrazedo de Montenegro","17","--3-----","RN","0401",,"4134N 00726W",
,"PT","CRH","Carapinha","Carapinha","06","--3-----","AM","2007",,"4017N 00806W",
,"PT","CRI","Castanheira do Ribatejo","Castanheira do Ribatejo","11","-23-----","RL","0307",,"3859N 00858W",
,"PT","CRO","Caramulo","Caramulo","18","--3-----","RN","0401",,"4034N 00810W",
,"PT","CRR","Carregado","Carregado","11","--3-----","RL","0401",,"3901N 00859W",
,"PT","CRS","Corroios","Corroios","15","--3-----","RN","0401",,"3838N 00909W",
,"PT","CRT","Crato","Crato","12","-23-----","RN","0401",,"3918N 00739W",
,"PT","CSJ","Caldas de São Jorge","Caldas de Sao Jorge","01","--3-----","RL","1301",,"4058N 00830W",
,"PT","CSM","Casal do Marco","Casal do Marco","15","-----6--","RL","0901",,"3836N 00905W",
,"PT","CSR","César","Cesar","01","--3-----","RL","0401",,"4055N 00826W",
,"PT","CST","Crestuma","Crestuma","13","--3-----","RN","0401",,"4104N 00830W",
,"PT","CTD","Castro Daire","Castro Daire","18","--3-----","RN","0401",,"4054N 00756W",
,"PT","CTH","Cantanhede","Cantanhede","06","-23-----","RL","0401",,"4021N 00836W",
,"PT","CTL","Corotelo","Corotelo","08","--3-----","RL","1807",,"3708N 00756W",
,"PT","CTP","Caldas das Taipas","Caldas das Taipas","03","--3-----","RL","0901",,"4129N 00821W",
,"PT","CUB","Cuba","Cuba","02","-23-----","RN","0401",,"3810N 00753W",
,"PT","CUC","Cucujães","Cucujaes","01","--3-----","RL","0401",,"4052N 00838W",
,"PT","CUS","Custoias","Custoias","13","--3-----","RQ","1001",,"4120N 08633W",
,"PT","CV5","Casal Velho","Casal Velho","10","-23-----","RL","1307",,"3956N 00818W",
,"PT","CVA","Carvoeira","Carvoeira","11","--3-----","RL","1601",,"3905N 00910W",
,"PT","CVD","Castelo de Vide","Castelo de Vide","12","-23-----","RN","0401",,"3925N 00727W",
,"PT","CVL","Unhais da Serra","Unhais da Serra","05","--3-----","RN","0401",,"4016N 00737W",
,"PT","CVO","Covelo","Covelo","06","--3-----","RN","0401",,"4019N 00805W",
,"PT","CVP","Cova da Piedade","Cova da Piedade","15","-23-----","RN","0401",,"3840N 00909W",
,"PT","CVR","Castro Verde","Castro Verde","02","--3-----","RN","0401",,"3742N 00805W",
,"PT","CVU","Corvo Island Apt","Corvo Island Apt","20","---4----","AI","0401",,"3942N 03106W",
,"PT","CVZ","Caldas de Vizela","Caldas de Vizela","03","--3-----","RN","0401",,"4123N 00819W",
,"PT","CXO","Cartaxo","Cartaxo","14","-23-----","RL","0401",,"3909N 00847W",
,"PT","CXP","Charneca da Caparica","Charneca da Caparica","15","-23-----","RN","0401",,,
,"PT","CZZ","Carrazeda de Anciães","Carrazeda de Anciaes","04","--3-----","RN","0401",,"4115N 00718W",
,"PT","DAF","Dafundo","Dafundo","11","--3-----","RL","1301",,"3842N 00915W",
,"PT","DAR","Darque","Darque","16","--3-----","RL","1301",,"4141N 00846W",
,"PT","DCS","Vilarinho das Cambas","Vilarinho das Cambas",,"--3-----","RL","1201",,"4123N 00833W",
,"PT","DDM","Maçãs de Dona Maria","Macas de Dona Maria","10","--3-----","RL","1401",,"3953N 00820W",
,"PT","DFZ","Sandim","Sandim","13","1-3-----","RL","1401",,"4102N 00831W",
,"PT","DNM","Donim","Donim","03","--3-----","RL","1601",,"4132N 00818W",
,"PT","DOS","Laundos","Laundos","13","--3--6--","RL","0907",,"4126N 00843W",
,"PT","DOU","Douro","Douro","13","1-------","RL","1201",,"3953N 00816W",
,"PT","DTO","Santo Antão do Tojal","Santo Antao do Tojal","11","--3-----","RL","0607",,"3851N 00908W",
,"PT","EAS","Santa Eulalia de Arnoso","Santa Eulalia de Arnoso","03","--3-----","RQ","0901",,,
,"PT","ECL","Estreito de Câmara de Lobos","Estreito de Camara de Lobos","30","--3-----","RN","0401",,"3240N 01659W",
,"PT","EDD","Ervedosa do Douro","Ervedosa do Douro","17","--3-----","RL","1601",,"4110N 00728W",
,"PT","EIX","Eixo","Eixo","01","--3-----","RL","1801",,"4037N 00834W",
,"PT","ELA","Souselas","Souselas","06","--3-----","RL","1707",,"4017N 00825W",
,"PT","ELV","Elvas","Elvas","12","-23-----","RL","0307",,"3853N 00710W",
,"PT","EM3","Esmeriz","Esmeriz","13","--3-----","RL","1501",,"4123N 00831W",
,"PT","EMZ","Esmoriz","Esmoriz","01","-23-----","RN","0401",,"4057N 00837W",
,"PT","ENT","Entroncamento","Entroncamento","14","-23-----","RN","0401",,"3928N 00828W",
,"PT","EOR","Entre-os-Rios","Entre-os-Rios","13","--3-----","RN","0401",,"4105N 00818W",
,"PT","EPG","Espargo","Espargo","01","--3-----","RL","1707",,"4055N 00834W",
,"PT","EPS","Esposende","Esposende","03","--3-----","RN","0401",,"4132N 00848W",
,"PT","ERA","Ervosa","Ervosa","01","--3-----","RL","1501",,"4120N 00831W",
,"PT","ERC","Ericeira","Ericeira","11","--3-----","RN","0401",,"3859N 00925W",
,"PT","ERM","Ermesinde","Ermesinde","13","-23-----","RL","1607",,"4113N 00833W",
,"PT","ERS","Ermidas","Ermidas","15","-23-----","RN","0401",,"3800N 00823W",
,"PT","ESC","Escandarao","Escandarao","14","--3-----","RL","0607",,"3940N 00838W",
,"PT","ESN","Espinho","Espinho","01","-23-----","RL","0701",,"4100N 00838W",
,"PT","ESP","Espinho","Espinho","18","--3-----","RQ","0401",,,"3 Espinho in Viseu"
,"PT","EST","Estoril","Estoril","11","123-----","RL","0401",,"3842N 00924W",
,"PT","ESZ","Estremoz","Estremoz","07","-23-----","RL","0401",,"3851N 00735W",
,"PT","ETB","Estombar","Estombar","08","--3-----","RL","1207",,"3709N 00829E",
,"PT","ETR","Estarreja","Estarreja","01","-23-----","RN","0401",,"4045N 00834W",
,"PT","EVR","Évora","Evora","07","-23-----","RL","0401",,"3834N 00754W",
,"PT","EXP","Lisboa-EXPO","Lisboa-EXPO","11","--3-----","RN","0401",,"3843N 00908W",
,"PT","FAE","Fão","Fao",,"1-------","RL","1201",,"4131N 00846W",
,"PT","FAG","Fornos de Algodres","Fornos de Algodres","09","-23-----","RN","0401",,"4037N 00732W",
,"PT","FAJ","Fajozes","Fajozes","13","-23-----","RL","0212",,"4119N 00841W",
,"PT","FAL","Ferreira do Alentejo","Ferreira do Alentejo","02","--3-----","RN","0401",,"3803N 00802W",
,"PT","FAM","Famalicão","Famalicao","09","--3-----","RL","0401",,"4027N 00723W",
,"PT","FAN","Ferreira-a-Nova","Ferreira-a-Nova","06","--3-----","RL","1607",,"4014N 00844W",
,"PT","FAO","Faro","Faro","08","1234----","AI","0401",,"3701N 00756W",
,"PT","FAV","Favaios","Favaios","17","--3-----","RL","1601",,"4116N 00730W",
,"PT","FCR","Figueira de Castelo Rodrigo","Figueira de Castelo Rodrigo","09","--3-----","RN","0401",,"4054N 00658W",
,"PT","FDF","Figueira da Foz","Figueira da Foz","06","123-----","AI","0401",,"4009N 00852W",
,"PT","FDL","Figueira de Lorvão","Figueira de Lorvao","06","--3-----","RL","1701",,"4017N 00820W",
,"PT","FDR","Foz de Arouce","Foz de Arouce","06","--3-----","RL","1301",,"4009N 00817W",
,"PT","FDT","Fonte da Telha","Fonte da Telha","15","1-------","RL","1201",,"3834N 00911W",
,"PT","FEC","Freixo de Espada à Cinta","Freixo de Espada a Cinta","04","--3-----","RN","0401",,"4105N 00649W",
,"PT","FEI","Feijo","Feijo","15","--3-----","RL","1207",,"3809N 00909W",
,"PT","FEL","Felgueiras","Felgueiras","13","--3-----","RL","0401",,"4122N 00812W",
,"PT","FER","Ferragudo","Ferragudo","08","--3-----","RL","1601",,"3707N 00831W",
,"PT","FFE","Fafe","Fafe","03","--3-----","RN","0401",,"4127N 00810W",
,"PT","FGO","Fragoso","Fragoso","03","--3-----","RL","1601",,"4136N 00842W",
,"PT","FGV","Figueiró dos Vinhos","Figueiro dos Vinhos","10","--3-----","RN","0401",,"3954N 00817W",
,"PT","FIA","Fiaes","Fiaes","01","--3--6--","RL","0601",,"4059N 00831W",
,"PT","FIG","Figueiró","Figueiro","13","--3-----","RL","1701",,"4118N 00810W",
,"PT","FIL","Faial","Faial","30","--3-----","RL","0401",,"3247N 01651W",
,"PT","FJS","Fajoes","Fajoes","01","-----6--","RQ","1007",,"4055N 00825W",
,"PT","FLW","Flores Island Apt","Flores Island Apt","20","---4----","AI","0401",,"3926N 03113W",
,"PT","FNC","Funchal, Madeira","Funchal, Madeira","30","1-345---","AI","0401",,"3238N 01654W",
,"PT","FNF","Fernão Ferro","Fernao Ferro","15","--3-----","RN","0401",,,
,"PT","FNZ","Fânzeres","Fanzeres","13","-23-----","RN","0401",,"4110N 00832W",
,"PT","FOL","Folgosa","Folgosa","13","-23-----","RL","0701",,"4115N 00833W",
,"PT","FOZ","Foz do Arelho","Foz do Arelho","10","1-------","RL","1201",,"3926N 00913W",
,"PT","FRD","Fradelos","Fradelos","03","--3-----","RL","0901",,"4122N 00835W",
,"PT","FRE","Freamunde","Freamunde",,"--3-----","RQ","1001",,"4117N 00821W",
,"PT","FRL","Frielas","Frielas","11","--3-----","RN","0401",,"3849N 00909W",
,"PT","FRS","Furnas","Furnas","20","--3-----","RN","0401",,"3746N 02519W",
,"PT","FRZ","Frazão","Frazao","13","--3-----","RL","1801",,"4116N 00824W",
,"PT","FTC","Forte da Casa","Forte da Casa","11","--3-----","RL","1201",,"3852N 00903E",
,"PT","FTM","Fátima","Fatima","14","-23-----","RL","0401",,"3937N 00839W",
,"PT","FTR","Fronteira","Fronteira","12","-23-----","RN","0401",,"3903N 00739W",
,"PT","FUA","Fundão","Fundao","05","-23-----","RL","0212",,"4008N 00729W",
,"PT","FUZ","Fuzeta","Fuzeta",,"1-------","RL","1201",,"3703N 00745W",
,"PT","FVD","Feira","Feira","16","-----6--","RQ","0901",,,
,"PT","FXO","Freixieiro","Freixieiro","13","-23-----","RL","0401",,"4107N 00835W",
,"PT","FZZ","Ferreira do Zêzere","Ferreira do Zezere","14","--3-----","RN","0401",,"3942N 00818W",
,"PT","G7A","Gaia","Gaia","13","--3-----","RL","1601",,"4024N 00720W",
,"PT","GAA","Galafura","Galafura","17","--3-----","RL","1601",,"4111N 00741W",
,"PT","GAE","Gaeiras","Gaeiras","10","--3-----","RL","1301",,"3922N 00908W",
,"PT","GAV","Gavião","Gaviao","12","--3-----","RN","0401",,"3928N 00756W",
,"PT","GCS","Graciosa","Graciosa","01","--3-----","RL","0401",,"4047N 00831W",
,"PT","GDA","Guarda","Guarda","09","-23-----","RL","0401",,"4032N 00716W",
,"PT","GDL","Grândola","Grandola","15","--3-----","RN","0401",,"3810N 00834W",
,"PT","GDN","Gafanha da Nazaré","Gafanha da Nazare","01","--3--6--","RL","0401",,"4038N 00843W",
,"PT","GEM","Gemieira","Gemieira",,"-----6--","RL","1201",,"4146N 00831W",
,"PT","GER","Argeriz","Argeriz","17","1-3-----","RL","1401",,"4135N 00723W",
,"PT","GHB","Guilhabreu","Guilhabreu","13","--3-----","RL","1407",,"4118N 00838W",
,"PT","GHE","Gafanha da Encarnaçao","Gafanha da Encarnacao","01","--3-----","RL","0701",,"4037N 00844W",
,"PT","GIA","Guia","Guia","08","--3-----","RN","0401",,"3707N 00818W",
,"PT","GIF","Guifões","Guifoes","13","123-----","RN","0401",,"4112N 00840W",
,"PT","GIN","Ginetes","Ginetes","20","--3-----","RN","0401",,"3751N 02550W",
,"PT","GLG","Golegã","Golega","14","--3-----","RN","0401",,"3924N 00829W",
,"PT","GLP","Golpilheira","Golpilheira","10","-----6--","RL","1201",,"3941N 00849W",
,"PT","GLZ","Água Longa","Agua Longa",,"-----6--","RL","1201",,"4115N 00829W",
,"PT","GOI","Góis","Gois","06","--3-----","RN","0401",,"4009N 00807W",
,"PT","GON","Gondomar","Gondomar","03","--3-----","RL","0401",,"4145N 00822W",
,"PT","GRD","Gradil","Gradil","11","--3-----","RL","1501",,"3859N 00917W",
,"PT","GRI","Grijó","Grijo","13","--3-----","RL","0212",,"4102N 00835W",
,"PT","GRS","Gerês","Geres","03","--3-----","RN","0401",,"4144N 00810W",
,"PT","GRW","Graciosa Island Apt","Graciosa Island Apt","20","---4----","AI","0401",,"3904N 02800W",
,"PT","GST","Águas Santas","Aguas Santas",,"-----6--","RL","1201",,"4137N 00820W",
,"PT","GUA","Guardizela","Guardizela","03","1-3-----","RQ","0901",,,
,"PT","GUE","Gueifães","Gueifaes",,"1----6--","RL","1201",,"4112N 00836W",
,"PT","GUI","Guimarães","Guimaraes","03","-23-----","RL","0401",,"4127N 00818W",
,"PT","GVI","Gouveia","Gouveia","09","--3-----","RN","0401",,"4030N 00736W",
,"PT","HAO","Alpalhão","Alpalhao","12","--3-----","RL","1301",,"3925N 00737W",
,"PT","HER","Herdade","Herdade",,"-----6--","RL","1107",,"3951N 00807W",
,"PT","HOR","Horta","Horta","20","1-34----","AI","0401",,"3832N 02838W",
,"PT","HUF","Guilhufe","Guilhufe","13","--3-----","RL","1301",,"4111N 00819W",
,"PT","IAO","São Gião","Sao Giao","06","--3-----","RL","1301",,"4020N 00747W",
,"PT","IDN","Idanha-a-Nova","Idanha-a-Nova","05","--3-----","RN","0401",,"3955N 00714W",
,"PT","IGH","Igrejinha","Igrejinha",,"-----6--","RL","1201",,"3842N 00754W",
,"PT","ILH","Ílhavo","Ilhavo","01","--3-----","RL","0401",,"4036N 00840W",
,"PT","IOR","Penamaior","Penamaior","13","1-------","RQ","0901",,,
,"PT","JES","Jesufrei","Jesufrei","03","--3-----","RL","1501",,"4127N 00830W",
,"PT","JOA","Juromenha","Juromenha",,"-----6--","RL","1107",,"3844N 00714W",
,"PT","JUN","Juncal","Juncal","05","--3-----","RL","1601",,"3955N 00734W",
,"PT","LAG","Lago","Lago",,"-----6--","RL","1107",,"4137N 00825W",
,"PT","LAJ","Lajes das Flores","Lajes das Flores","20","1-3-----","RL","0401",,"3923N 03110W",
,"PT","LAV","Linda-a-Velha","Linda-a-Velha","11","-23-----","RL","0401",,"3843N 00915W",
,"PT","LBP","Loures Business Park","Loures Business Park","11","--3-----","RQ","1001",,"3851N 00908W",
,"PT","LCD","Lancada","Lancada","11","--3-----","RL","1501",,"3841N 00857W",
,"PT","LDB","Leça do Bailio","Leca do Bailio","13","-23-----","RL","0401",,"4112N 00837W",
,"PT","LDI","Landim","Landim","03","--3-----","RL","1301",,"4123N 00828W",
,"PT","LDM","Lugar do Monte","Lugar do Monte","17","--3-----","RL","1207",,"4138N 00831W",
,"PT","LDO","Lordelo","Lordelo","13","--3-----","RL","1301",,"4114N 00825W",
,"PT","LDP","Lajes","Lajes","20","1-3-----","AI","0401",,"3823N 02816W",
,"PT","LDR","Lordelo","Lordelo","03","123-----","RL","0601",,"4122N 00823W",
,"PT","LE2","Maceira","Maceira","10","1----6--","RL","1107",,"3941N 00853W",
,"PT","LEA","Leiria","Leiria","10","--3-----","RL","0401",,"3945N 00848W",
,"PT","LEI","Leixões","Leixoes","13","123-----","AI","0401",,"4111N 00841W",
,"PT","LEP","Leça da Palmeira","Leca da Palmeira","13","123-----","RL","0401",,"4112N 00842W",
,"PT","LER","Leiros","Leiros","17","--3-----","RL","0401",,"4121N 00739W",
,"PT","LGA","Lagoa, Algarve","Lagoa, Algarve","08","--3-----","RL","0401",,"3710N 00730W",
,"PT","LGP","Lagoa, Island São Miguel","Lagoa, Island Sao Miguel","20","--3-----","RN","0401",,"3903N 02759W",
,"PT","LIS","Lisboa","Lisboa","11","12345---","AI","0401",,"3843N 00908W",
,"PT","LMG","Lamego","Lamego","18","-23-----","RN","0401",,"4106N 00749W",
,"PT","LNH","Lourinhã","Lourinha","11","--3-----","RN","0401",,"3914N 00919W",
,"PT","LNS","Lanheses","Lanheses","16","1----6--","RL","0901",,"4103N 00840W",
,"PT","LOA","Lousada","Lousada","13","-23-----","RL","0401",,"4118N 00815W",
,"PT","LOS","Lagos","Lagos","08","123-----","AI","0401",,"3706N 00840W",
,"PT","LOU","Lourosa","Lourosa","01","--3-----","RL","0401",,"4059N 00833W",
,"PT","LOV","Loivos","Loivos","17","--3-----","RL","1707",,"4137N 00730W",
,"PT","LRC","Louriçal","Lourical","10","--3-----","RN","0401",,"4000N 00844W",
,"PT","LRO","Louro","Louro","13","--3-----","RL","1501",,"4126N 00832W",
,"PT","LRS","Loures","Loures","11","--3-----","RL","0401",,"3850N 00910W",
,"PT","LSA","Lousã","Lousa","06","-23--6--","RN","0401",,"4007N 00814W",
,"PT","LSD","Lousado","Lousado","03","--3-----","RL","0901",,"4121N 00832W",
,"PT","LSI","Linhó","Linho","11","--3-----","RL","0401",,"3846N 00923W",
,"PT","LSO","Luso","Luso","01","--3-----","RL","0507",,"4023N 00823W",
,"PT","LUL","Loulé","Loule","08","-23-----","RN","0401",,"3708N 00802W",
,"PT","LUS","Lustosa","Lustosa","13","--3-----","RL","1501",,"4120N 00819W",
,"PT","LVR","Lavra","Lavra","13","--3-----","RN","0401",,"4115N 00843W",
,"PT","LXA","Lixa","Lixa","13","--3-----","RN","0401",,,
"=","PT",,"Lisbon = Lisboa","Lisbon = Lisboa",,,,,,,
,"PT","M6E","Madeira","Madeira","04","--3-----","RL","1601",,"4014N 00728W",
,"PT","MAC","Maceda","Maceda","13","-234----","RL","1407",,"4110N 00834W",
,"PT","MAD","Madalena (Madalena do Pico)","Madalena (Madalena do Pico)","20","1-3-----","AI","1207",,"3832N 02832W",
,"PT","MAI","Maia","Maia","13","-23-----","RL","0401",,"4114N 00837W",
,"PT","MAL","Maceira Lis","Maceira Lis","10","--3-----","RN","0401",,,
,"PT","MAM","São Mamede","Sao Mamede","10","--3-----","RL","1201",,"3937N 00843W",
,"PT","MAR","Marteleira","Marteleira","11","--3-----","RL","1401",,"3913N 00917W",
,"PT","MAS","Maia, Island São Miguel","Maia, Island Sao Miguel","20","--3-----","RN","0401",,"3750N 02523W",
,"PT","MAT","Matosinhos","Matosinhos","13","123-----","RL","0401",,"4111N 00842W",
,"PT","MAV","Santa Maria de Avioso","Santa Maria de Avioso","06","--3-----","RL","1601",,"4116N 00836W",
,"PT","MBR","Moimenta da Beira","Moimenta da Beira","18","--3-----","RN","0401",,"4059N 00737W",
,"PT","MCC","Mutsamudu","Mutsamudu","13","--3-----","RL","1207",,"4111N 00809W",
,"PT","MCD","Macedo de Cavaleiros","Macedo de Cavaleiros","04","-23-----","RN","0401",,"4132N 00658W",
,"PT","MCH","Machico","Machico","30","1-3-----","RN","0401",,"3242N 01646W",
,"PT","MCP","Moncarapacho","Moncarapacho","08","--3-----","RL","1501",,"3705N 00747W",
,"PT","MCQ","Monchique","Monchique","08","--3-----","RN","0401",,"3719N 00833W",
,"PT","MCV","Miranda do Corvo","Miranda do Corvo","06","-23-----","RN","0401",,"4006N 00820W",
,"PT","MDA","Meda","Meda","09","--3-----","RN","0401",,"4058N 00716W",
,"PT","MDB","Mondim de Basto","Mondim de Basto","17","--3-----","RN","0401",,"4125N 00758W",
,"PT","MDE","Madalena","Madalena","11","-23-----","RL","1501",,"3934N 00827W",
,"PT","MDL","Mirandela","Mirandela","04","-23-----","RN","0401",,"4129N 00711W",
,"PT","MDM","Madalena do Mar","Madalena do Mar","30","1-------","RL","1201",,"3241N 01708W",
,"PT","MDR","Miranda do Douro","Miranda do Douro","04","--3-----","RN","0401",,"4130N 00616W",
,"PT","MEM","Memória","Memoria","11","-23-----","RL","0401",,"3842N 00912W",
,"PT","MER","Merceana","Merceana","11","--3-----","RL","1601",,"3906N 00907W",
,"PT","MFR","Mafra","Mafra","11","-23-----","RL","0401",,"3856N 00920W",
,"PT","MFT","Monforte","Monforte","12","--3-----","RN","0401",,"3903N 00726W",
,"PT","MGA","Martinganca","Martinganca","11","-----6--","RL","1107",,"3941N 00858W",
,"PT","MGD","Mogadouro","Mogadouro","04","--3-----","RN","0401",,"4120N 00643W",
,"PT","MGL","Mangualde","Mangualde","18","-23-----","RN","0401",,"4036N 00746W",
,"PT","MGR","Marinha Grande","Marinha Grande","10","-23-----","RL","0401",,"3945N 00856W",
,"PT","MHU","Malhou","Malhou","14","--3-----","RL","0601",,"3925N 00841W",
,"PT","MID","Mindelo","Mindelo","13","-23--6--","RL","1607",,"4119N 00843W",
,"PT","MIE","Mira d'Aire","Mira d'Aire","10","--3-----","RN","0401",,"3932N 00843W","Mira"
,"PT","MIN","Minde","Minde","14","--3-----","RL","0401",,"3931N 00841W",
,"PT","MIR","Mira","Mira","06","--3-----","RL","0401",,"4026N 00844W",
,"PT","MLD","Mealhada","Mealhada","01","-23-----","RN","0401",,"4022N 00827W",
,"PT","MLG","Melgaço","Melgaco","16","--3-----","RN","0401",,"4207N 00816W",
,"PT","MLI","Macieira da Lixa","Macieira da Lixa","13","--3-----","RL","1601",,"4121N 00809W",
,"PT","MLR","Milharado","Milharado","11","1-------","RQ","0901",,,
,"PT","MLV","Malveira","Malveira","11","-23-----","RN","0401",,"3856N 00915W",
,"PT","MMA","Mem Martins","Mem Martins","11","--3-----","RL","0212",,"3847N 00921W",
,"PT","MMN","Montemor-o-Novo","Montemor-o-Novo","07","-23-----","RN","0401",,"3839N 00813W",
,"PT","MMV","Montemor-o-Velho","Montemor-o-Velho","06","-23-----","RN","0401",,"4010N 00841W",
,"PT","MNG","Manteigas","Manteigas","09","--3-----","RN","0401",,"4024N 00732W",
,"PT","MNO","Monção","Moncao","16","-23-----","RN","0401",,"4205N 00829W",
,"PT","MNV","Montelavar","Montelavar","11","--3-----","RL","1307",,"3852N 00920W",
,"PT","MOA","Mora","Mora","07","-23-----","RN","0401",,"3856N 00810W",
,"PT","MOC","Moura","Moura","06","--3-----","RL","0401",,"4013N 00754W",
,"PT","MOD","Modivas","Modivas","13","--3-----","RL","1407",,"4118N 00842W",
,"PT","MOG","Mogege","Mogege","03","--3-----","RL","1301",,"4126N 00825W",
,"PT","MON","Montijo","Montijo","15","-23-----","RL","0401",,"3842N 00858W",
,"PT","MOR","Mortena","Mortena","11","-23-----","RL","0401",,"3851N 00919W",
,"PT","MOS","Mosteiro","Mosteiro","07","--3-----","RL","1207",,"3956N 00811W",
,"PT","MOU","Mourão","Mourao","07","--3-----","RN","0401",,"3823N 00721W",
,"PT","MPQ","Panasqueira","Panasqueira","05","--3-----","RN","0401",,"4010N 00746W","Minas da Panasqueira"
,"PT","MRA","Moura","Moura","02","-23-----","RN","0401",,"3808N 00727W",
,"PT","MRC","Marco de Canavezes","Marco de Canavezes","13","-23-----","RL","0401",,"4111N 00809W",
,"PT","MRD","Monte Redondo","Monte Redondo","10","-23-----","RL","1701",,"3954N 00849W",
,"PT","MRE","Monte Real","Monte Real","10","--3-----","RN","0401",,"3951N 00852W",
,"PT","MRG","Maiorga","Maiorga","10","--3-----","RL","1601",,"3935N 00859W",
,"PT","MRH","Meirinhas","Meirinhas","10","--3-----","RQ","0901",,"3950N 00842W",
,"PT","MRL","Loures-MARL","Loures-MARL","11","--3-----","RN","0401",,"3850N 00910W",
,"PT","MRN","Marinhais","Marinhais","14","-23-----","RN","0401",,"3903N 00842W",
,"PT","MRO","Muro","Muro","13","-2------","RL","1301",,"4130N 00758W",
,"PT","MRR","Moreira","Moreira","13","--3-----","RL","0701",,"4114N 00839W",
,"PT","MRT","Mortágua","Mortagua","18","-23--6--","RN","0401",,"4024N 00814W",
,"PT","MRV","Marvão","Marvao","12","-23-----","RN","0401",,"3924N 00723W",
,"PT","MSA","Murtosa","Murtosa","01","--3-----","RN","0401",,"4044N 00838W",
,"PT","MSF","Mesão Frio","Mesao Frio","17","-23-----","RN","0401",,"4109N 00753W",
,"PT","MSV","Moscavide","Moscavide","11","-23-----","RN","0401",,"3846N 00906W",
,"PT","MTA","Moita","Moita","15","--3-----","RN","0401",,"3839N 00859W",
,"PT","MTC","Monte da Caparica","Monte da Caparica","15","-23-----","RN","0401",,"3840N 00912W",
,"PT","MTE","Murtede","Murtede","06","-23-----","RL","0601",,"4021N 00830W",
,"PT","MTG","Montargil","Montargil","12","--3-----","RN","0401",,"3905N 00810W",
,"PT","MTL","Mértola","Mertola","02","--3-----","RN","0401",,"3738N 00740W",
,"PT","MTR","Montalegre","Montalegre","17","--3-----","RN","0401",,"4149N 00748W",
,"PT","MTV","Montalvão","Montalvao","12","--3-----","RN","0401",,"3936N 00732W",
,"PT","MUR","Murça","Murca","17","--3-----","RL","0212",,"4124N 00727W",
,"PT","MUS","Murches","Murches","11","1-------","RQ","0901",,,
,"PT","MZL","Mozelos","Mozelos","16","--3-----","RL","0401",,"4152N 00824W",
,"PT","NAV","Nariz","Nariz","01","1----6--","RL","1407",,"4032N 00836W",
,"PT","NDC","Nogueira do Cravo","Nogueira do Cravo","06","--3-----","RL","0401",,"4020N 00753W",
,"PT","NEG","Negrais","Negrais","11","--3-----","RL","1407",,"3853N 00917W",
,"PT","NEL","Nelas","Nelas","18","-23-----","RL","0401",,"4032N 00751W",
,"PT","NES","Nespereira","Nespereira","03","--3-----","RL","1401",,"4124N 00819W",
,"PT","NGV","Valongo","Valongo","13","1-3-----","RL","1401",,"4111N 00830W",
,"PT","NIS","Nisa","Nisa","12","--3-----","RN","0401",,"3931N 00739W",
,"PT","NNE","Nine","Nine","03","-23-----","RN","0401",,"4127N 00833W",
,"PT","NOG","Nogueira Da Maia","Nogueira Da Maia","13","--3-----","RQ","0907",,"4114N 00835W",
,"PT","NOR","Nogueira da Regedoura","Nogueira da Regedoura","01","--3-----","RL","1607",,"4100N 00835W",
,"PT","NRD","Nordeste","Nordeste","20","1-3-----","RN","0401",,"3750N 02510W",
,"PT","NZR","Nazaré","Nazare","10","-23-----","RN","0401",,"3936N 00904W",
,"PT","OAS","Aldeia Galega da Merceana","Aldeia Galega da Merceana","11","--3-----","RL","1207",,"3904N 00906W",
,"PT","OBD","Óbidos","Obidos","10","-23-----","RN","0401",,"3922N 00909W",
,"PT","OCX","Odeceixe","Odeceixe","08","--3-----","RL","1307",,"3726N 00846W",
,"PT","ODA","Oliveira de Azemeis","Oliveira de Azemeis","01","-23-----","RL","0401",,"4050N 00829W",
,"PT","ODE","Odemira","Odemira","02","--3-----","RL","0401",,"3736N 00838W",
,"PT","ODI","Odivelas","Odivelas","11","-23-----","RL","0401",,"3847N 00911W",
,"PT","ODO","Oliveira do Douro","Oliveira do Douro","18","--3-----","RL","0701",,"4105N 00802W",
,"PT","OEI","Oeiras","Oeiras","11","123-----","RL","0401",,"3841N 00919W",
,"PT","OES","Famões","Famoes","11","--3-----","RL","1301",,"3847N 00912W",
,"PT","OFR","Oliveira de Frades","Oliveira de Frades","18","-23-----","RN","0401",,"4044N 00811W",
,"PT","OGO","Pedrógão","Pedrogao",,"-----6--","RL","1201",,"3807N 00739W",
,"PT","OHP","Oliveira do Hospital","Oliveira do Hospital","06","--3-----","RN","0401",,"4021N 00752W",
,"PT","OIA","Oia","Oia","01","--3-----","RQ","0907",,"4032N 00832W",
,"PT","OLA","Olhos de Água","Olhos de Agua",,"1-------","RL","1201",,"3705N 00811W",
,"PT","OLB","Olival do Basto","Olival do Basto","11","--3-----","RN","0401",,"3847N 00910W",
,"PT","OLH","Olhão","Olhao","08","123-----","RL","0401",,"3702N 00750W",
,"PT","OLI","Oliveira do Bairro","Oliveira do Bairro","01","--3-----","RL","0401",,"4031N 00830W",
,"PT","OLR","Oleiros","Oleiros","05","--3-----","RN","0401",,"3955N 00755W",
,"PT","OPO","Porto","Porto","13","12345---","AI","0401",,"4109N 00837W",
,"PT","ORQ","Ourique","Ourique","02","--3-----","RN","0401",,"3739N 00813W",
,"PT","ORV","Orvalho","Orvalho","05","--3-----","RN","0401",,"4001N 00748W",
,"PT","OSS","Ossela","Ossela","01","--3-----","RL","1601",,"4049N 00826W",
,"PT","OUR","Ourém","Ourem","14","--3-----","RN","0401",,"3938N 00835W",
,"PT","OUT","Outeiro","Outeiro","03","--3-----","RQ","0401",,,"4 Outiero in Braga"
,"PT","OVA","Ovar","Ovar","01","-23-----","RL","0401",,"4052N 00838W",
"=","PT",,"Oporto = Porto","Oporto = Porto",,,,,,,
,"PT","PAC","Paços de Brandão","Pacos de Brandao","01","--3-----","RL","0701",,"4058N 00835W",
,"PT","PAE","Escapães","Escapaes",,"--3-----","RQ","1007",,"4055N 00831W",
,"PT","PAH","Palhaça","Palhaca","01","--3-----","RL","1707",,"4032N 00836W",
,"PT","PAI","Painho","Painho","11","--3-----","RL","1301",,"3918N 00903W",
,"PT","PAL","Palmela","Palmela","15","-23-----","RL","0401",,"3834N 00854W",
,"PT","PAM","Pampilhosa do Botão","Pampilhosa do Botao","01","--3-----","RL","1601",,"4020N 00825W",
,"PT","PAR","Paramos","Paramos",,"-----6--","RL","1201",,"4058N 00838W",
,"PT","PAS","Poiares","Poiares","03","--3-----","RL","1207",,"4139N 00837W",
,"PT","PCS","Paço de Arcos","Paco de Arcos","11","-23-----","RN","0401",,"3841N 00917W",
,"PT","PCT","Penalva do Castelo","Penalva do Castelo","18","--3-----","RN","0401",,"4040N 00741W",
,"PT","PCV","Penacova","Penacova","06","-23-----","RN","0401",,"4016N 00817W",
,"PT","PCZ","Porto da Cruz","Porto da Cruz","30","1-3-----","RN","0401",,"3246N 01650W",
,"PT","PDB","Pacos de Brandado","Pacos de Brandado","01","--3-----","RQ","0901",,,
,"PT","PDL","Ponta Delgada","Ponta Delgada","20","1-345---","AI","0401",,"3744N 02540W",
,"PT","PDM","Porto de Mós","Porto de Mos","10","--3-----","RL","0212",,"3936N 00849W",
,"PT","PDO","Pedome","Pedome",,"-----6--","RL","1107",,"4125N 00822W",
,"PT","PDR","Ponte do Rol","Ponte do Rol","11","--3-----","RL","0507",,"3905N 00919W",
,"PT","PDS","Ponte de Sor","Ponte de Sor","12","123-----","RL","0401",,"3915N 00801W",
,"PT","PDT","Parada de Tibães","Parada de Tibaes",,"-----6--","RL","1201",,"4134N 00828W",
,"PT","PDV","Póvoa de Varzim","Povoa de Varzim","13","-23-----","RL","0401",,"4123N 00846W",
,"PT","PEA","Pedorido","Pedorido","01","--3-----","RQ","0907",,"4102N 00822W",
,"PT","PED","Pedreiras","Pedreiras",,"--3-----","RL","0901",,"3827N 09043W",
,"PT","PEG","Pegões","Pegoes","15","--3-----","RN","0401",,"3840N 00837W",
,"PT","PEH","Prior Velho","Prior Velho",,"-----6--","RL","1107",,"3847N 00907W",
,"PT","PEM","Pedro Miguel","Pedro Miguel","20","--3-----","RL","1401",,"3834N 02837W",
,"PT","PEN","Peniche","Peniche","10","1-3-----","RL","0401",,"3921N 00923W",
,"PT","PER","Paredes de Coura","Paredes de Coura","16","--3-----","RN","0401",,"4154N 00834W",
,"PT","PFL","Penafiel","Penafiel","13","-23-----","RL","0307",,"4112N 00817W",
,"PT","PFR","Paços de Ferreira","Pacos de Ferreira","13","--3-----","RN","0401",,"4116N 00824W",
,"PT","PFT","Perafita","Perafita","13","123-----","RL","0307",,"4113N 00842W",
,"PT","PGA","Peso da Régua","Peso da Regua","17","-23-----","RN","0401",,"4110N 00747W",
,"PT","PGO","Pego","Pego","11","--3-----","RL","1107",,"3928N 00809W",
,"PT","PGR","Pedrógão Grande","Pedrogao Grande","10","--3-----","RN","0401",,"3955N 00809W",
,"PT","PI3","Moitalina","Moitalina","13","--3-----","RL","1601",,"3937N 00852W",
,"PT","PIC","Pico","Pico","03","--3-----","RL","0201",,"4141N 00825W",
,"PT","PID","Piedade","Piedade",,"--3-----","RQ","9501",,,
,"PT","PIH","Pinhel","Pinhel","11","-----6--","RL","1107",,"3939N 00837W",
,"PT","PIN","Pinhel","Pinhel","09","--3-----","RN","0401",,"4046N 00704W",
,"PT","PIS","Pinhanços","Pinhancos","09","--3-----","RL","1601",,"4028N 00741W",
,"PT","PLG","Pelariga","Pelariga","10","-----6--","RQ","1007",,"3958N 00837W",
,"PT","PLH","Palhais","Palhais","11","--3--6--","RQ","1001",,"3837N 00903W",
,"PT","PLM","Ponte do Lima","Ponte do Lima","16","--3-----","RN","0401",,"4146N 00835W",
,"PT","PLO","Pombal","Pombal","10","-23-----","RL","0401",,"3955N 00838W",
,"PT","PLS","Penelas","Penelas","06","--3-----","RL","1801",,"4107N 00748W",
,"PT","PMI","Praia de Mira","Praia de Mira","06","--3-----","RL","1601",,"4027N 00848W",
,"PT","PMZ","Porto Moniz","Porto Moniz","30","1-3-----","RN","0401",,"3251N 01710W",
,"PT","PNC","Penamacor","Penamacor","05","--3-----","RN","0401",,"4010N 00710W",
,"PT","PND","Penedono","Penedono","18","--3-----","RN","0401",,"4059N 00724W",
,"PT","PNL","Penela","Penela","06","--3-----","RN","0401",,"4002N 00823W",
,"PT","PNO","Pinhão","Pinhao","17","-23-----","RN","0401",,"4111N 00733W",
,"PT","PNT","Pontinha","Pontinha","11","-23-----","RN","0401",,"3846N 00912W",
,"PT","PNV","Pinhal Novo","Pinhal Novo","15","-23-----","RN","0401",,"3838N 00855W",
,"PT","POA","Porto Alto","Porto Alto","14","--3-----","RL","0401",,"3855N 00853W",
,"PT","POB","Pombal","Pombal",,"--3-----","RQ","9501",,,
,"PT","POC","Porches","Porches","08","--3-----","RL","1801",,"3707N 00824W",
,"PT","POM","Pomarão","Pomarao","02","1-3-----","RN","0401",,"3733N 00732W",
,"PT","POR","Portalegre","Portalegre","12","--3-----","RL","0401",,"3917N 00726W",
,"PT","PPH","Pero Pinheiro","Pero Pinheiro","11","-23-----","RL","0401",,"3851N 00920W",
,"PT","PPR","Rates","Rates","13","--3-----","RL","1401",,"4125N 00840W",
,"PT","PPS","Pampilhosa da Serra","Pampilhosa da Serra","06","--3-----","RN","0401",,"4003N 00757W",
,"PT","PR8","Poceirao","Poceirao","11","--3-----","RL","1501",,"3850N 00847W",
,"PT","PRA","Proença-a-Nova","Proenca-a-Nova","05","--3-----","RN","0401",,"3945N 00755W",
,"PT","PRD","Paredes","Paredes",,"-----6--","RL","1201",,"4112N 00820W",
,"PT","PRE","Parede","Parede","11","-23-----","RN","0401",,"3841N 00921W",
,"PT","PRG","Praia da Graciosa","Praia da Graciosa","20","1-3-----","AI","0401",,"3903N 02758W",
,"PT","PRL","Portel","Portel","07","--3-----","RN","0401",,"3818N 00742W",
,"PT","PRM","Portimao","Portimao","08","123-----","AI","0401",,"3708N 00832W",
,"PT","PRO","Pedroso","Pedroso","13","--3-----","RL","0607",,"4104N 00833W",
,"PT","PRS","Paredes","Paredes","13","--3-----","RN","0401",,"4123N 00844W",
,"PT","PRV","Praia da Vitória","Praia da Vitoria","20","1-3-----","AI","0401",,"3844N 02704W",
,"PT","PSA","Póvoa de Santo Adrião","Povoa de Santo Adriao","11","--3-----","RL","1301",,"3848N 00910W",
,"PT","PSI","Póvoa de Santa Iria","Povoa de Santa Iria","11","-23-----","RL","0401",,"3851N 00904W",
,"PT","PSL","Ponta do Sol","Ponta do Sol","30","--3-----","RN","0401",,"3240N 01706W",
,"PT","PSV","Porto Salvo","Porto Salvo","11","-23-----","RN","0401",,"3843N 00918W",
,"PT","PTB","Ponte da Barca","Ponte da Barca","16","--3-----","RN","0401",,"4148N 00825W",
,"PT","PTC","Caxarias","Caxarias","11","--3--6--","RQ","0907",,"3942N 00832W",
,"PT","PTG","Ponta do Pargo","Ponta do Pargo","30","--3-----","RN","0401",,"3248N 01715W",
,"PT","PTS","Pataias","Pataias","10","-23-----","RN","0401",,"3940N 00900W",
,"PT","PTV","Pontével","Pontevel","14","--3-----","RL","1301",,"3909N 00850W",
,"PT","PVC","Povoação","Povoacao","20","1-3-----","RN","0401",,"3745N 02515W",
,"PT","PVH","Pegoes Velhos","Pegoes Velhos","11","1----6--","RL","1107",,"3841N 00840W",
,"PT","PVL","Póvoa de Lanhoso","Povoa de Lanhoso","03","--3-----","RN","0401",,"4135N 00816W",
,"PT","PXO","Porto Santo Island","Porto Santo Island","30","1--4---B","AI","0501",,"3304N 01620W",
,"PT","QCD","Quinta do Conde","Quinta do Conde","15","--3-----","RN","0401",,"3807N 00842W",
,"PT","QDA","Quinta do Anjo","Quinta do Anjo","15","-23-----","RL","1101",,"3834N 00856W",
,"PT","QDB","Queluz","Queluz","11","-23-----","RL","0401",,"3845N 00915W",
,"PT","QDS","Quinta Da Sardinha","Quinta Da Sardinha","10","--3-----","RL","1301",,"3941N 00840W",
,"PT","QEG","Ribeira Grande","Ribeira Grande","20","--34----","AI","0401",,"3749N 02531W",
,"PT","QGT","Ortigosa","Ortigosa",,"--3-----","RQ","1001",,"3950N 00850W",
,"PT","QRT","Quarteira","Quarteira","08","123-----","RN","0401",,"3704N 00806W",
,"PT","QUI","Urqueira","Urqueira","14","--3-----","RL","1301",,"3944N 00836W",
,"PT","QUR","Querença","Querenca","08","--3-----","RL","1607",,"3711N 00759W",
,"PT","RBD","Rebordelo","Rebordelo","04","--3-----","RN","0401",,"4144N 00710W",
,"PT","RBM","Rio Bom","Rio Bom","16","-----6--","RL","1107",,"4134N 00729W",
,"PT","RBR","Ribeira Brava","Ribeira Brava","30","--3-----","RN","0401",,"3239N 01704W",
,"PT","RCV","Rio Covos","Rio Covos","03","--3-----","RL","1301",,"4132N 00836W",
,"PT","RDD","Redondo","Redondo","07","--3-----","RN","0401",,"3839N 00733W",
,"PT","RDM","Rio de Mouro","Rio de Mouro","11","--3-----","RL","0401",,"3846N 00920W",
,"PT","RDP","Regueira de Pontes","Regueira de Pontes","10","--3-----","RL","1207",,"3948N 00850W",
,"PT","RDV","Riba de Ave","Riba de Ave","03","--3-----","RN","0401",,"4124N 00823W",
,"PT","REB","Rebordosa","Rebordosa","06","--3-----","RL","0607",,"4015N 00817W",
,"PT","REC","Recarei","Recarei",,"--3-----","RL","0901",,"4112N 08380W",
,"PT","REO","Carreço","Carreco","16","-23-----","RL","1301",,"4145N 00852W",
,"PT","REV","Pevidem","Pevidem","03","--3-----","RL","0401",,"4126N 00821W",
,"PT","RFB","Rio Frio","Rio Frio","04","--3--6--","RL","0501",,"4144N 00638W",
,"PT","RHD","Reboreda","Reboreda","16","--3-----","RL","1301",,"4157N 00844W",
,"PT","RHS","Ribolhos","Ribolhos","18","--3-----","RL","1301",,"4053N 00756W",
,"PT","RIA","Riachos","Riachos","14","-23--6--","RL","0501",,"3926N 00831W",
,"PT","RIB","Ribeira de Frades","Ribeira de Frades",,"--3-----","RL","0901",,"4012N 08290W",
,"PT","RIO","Rio Meão","Rio Meao","01","--3-----","RL","0401",,"4057N 00835W",
,"PT","RIZ","Romariz","Romariz",,"--3-----","RL","0901",,"4056N 00828W",
,"PT","RMA","Rio Maior","Rio Maior","14","--3-----","RL","0401",,"3920N 00856W",
,"PT","RML","Ramalde","Ramalde","13","-----6--","RQ","1007",,"4110S 00839W",
,"PT","RMR","Ferreirim","Ferreirim","18","--3-----","RL","1301",,"4057N 00730W",
,"PT","RMZ","Reguengos de Monsaraz","Reguengos de Monsaraz","07","-23-----","RN","0401",,"3825N 00732W",
,"PT","RNV","São Romão de Neiva","Sao Romao de Neiva","16","--3-----","RL","1401",,"4138N 00846W",
,"PT","ROL","Roliça","Rolica","11","--3-----","RL","1601",,"3919N 00911W",
,"PT","ROS","Rebordoes","Rebordoes",,"-----6--","RQ","1001",,"4121N 00825W",
,"PT","RPE","Reguengo Pequeno","Reguengo Pequeno","11","--3-----","RL","1401",,"3917N 00915W",
,"PT","RPN","Ribeira de Pena","Ribeira de Pena","17","--3-----","RN","0401",,"4131N 00748W",
,"PT","RPX","Rabo de Peixe","Rabo de Peixe","20","1-3-----","RL","0701",,"3748N 02535W",
,"PT","RQU","Requião","Requiao",,"1----6--","RL","1201",,"4124N 00829W",
,"PT","RSD","Resende","Resende","18","-23-----","RN","0401",,"4106N 00758W",
,"PT","RTI","Rio Tinto","Rio Tinto","13","-23-----","RL","0401",,"4111N 00834W",
,"PT","RUN","Runa","Runa","11","--3-----","RL","1501",,"3904N 00913W",
,"PT","RVH","Revinhade","Revinhade","13","--3-----","RL","1401",,"4121N 00816W",
,"PT","RVR","Árvore","Arvore",,"--3-----","RL","1707",,"4120N 00843W",
,"PT","SAC","Sacavém","Sacavem","11","-23-----","RL","0401",,"3847N 00906W",
,"PT","SAG","Sagres","Sagres",,"1-------","RL","1201",,"3700N 00856W",
,"PT","SAM","Samouco","Samouco","15","--3-----","RL","1601",,"3843N 00900W",
,"PT","SAN","Sangalhos","Sangalhos","01","--3-----","RL","0401",,"4030N 00828W",
,"PT","SAO","Sao Pedro de Avioso","Sao Pedro de Avioso","13","--3-----","RL","1301",,"4116N 00837W",
,"PT","SAT","Sátão","Satao","18","--3-----","RN","0401",,"4044N 00744W",
,"PT","SBA","São Brás de Alportel","Sao Bras de Alportel","08","--3-----","RN","0401",,"3709N 00753W",
,"PT","SBD","Sobreda","Sobreda","15","--3-----","RL","1801",,"3839N 00911W",
,"PT","SBG","Sobral de Monte Agraço","Sobral de Monte Agraco","11","--3-----","RN","0401",,"3901N 00909W",
,"PT","SBL","Sabugal","Sabugal","09","-23-----","RN","0401",,"4031N 00714W",
,"PT","SBM","São Bartolomeu de Messines","Sao Bartolomeu de Messines","08","-23-----","RN","0401",,"3715N 00817W",
,"PT","SBO","Sobrado","Sobrado","13","--3-----","RL","1801",,"4113N 00827W",
,"PT","SBR","Sabrosa","Sabrosa","17","--3-----","RN","0401",,"4116N 00735W",
,"PT","SBS","Sabroso","Sabroso","17","-----6--","RL","1107",,"4135N 00736W",
,"PT","SCA","Seica","Seica",,"--3-----","RL","1201",,"4003N 05000W",
,"PT","SCB","Santa Cruz Do Bispo","Santa Cruz Do Bispo","13","--3-----","RL","1601",,"4113N 00840W",
,"PT","SCD","Santa Comba Dão","Santa Comba Dao","18","--3-----","RN","0401",,"4024N 00808W",
,"PT","SCF","Santa Cruz das Flores","Santa Cruz das Flores","20","1-3-----","RL","0401",,"3927N 03107W",
,"PT","SCG","Santa Cruz da Graciosa","Santa Cruz da Graciosa","20","1-3-----","RL","0401",,"3905N 02801W",
,"PT","SCM","Canas de Santa Maria","Canas de Santa Maria","18","-23-----","RL","0901",,"4032N 00850W",
,"PT","SCS","Santa Catarina da Serra","Santa Catarina da Serra","10","--3-----","RL","1801",,"3940N 00841W",
,"PT","SCV","Vale","Vale","03","--3-----","RL","0401",,"4127N 00828W","São Cosme e São Damião"
,"PT","SCZ","Santa Cruz","Santa Cruz","30","--3-----","RL","0401",,"3241N 01648W",
,"PT","SDB","Santiago de Besteiros","Santiago de Besteiros","18","--3-----","RL","1301",,"4035N 00807W",
,"PT","SDD","Sanfins do Douro","Sanfins do Douro","17","--3-----","RL","1601",,"4118N 00731W",
,"PT","SDF","Senhora das Febres","Senhora das Febres","06","-----6--","RQ","1007",,"4024N 00838W",
,"PT","SDM","Salir de Matos","Salir de Matos","10","-23-----","RL","0401",,"3926N 00906W",
,"PT","SDO","Sobral do Parelhão","Sobral do Parelhao","11","--3-----","RL","1301",,"3917N 00909W",
,"PT","SDP","Santo Isidro de Pegoes","Santo Isidro de Pegoes","15","--3-----","RL","1207",,"3841N 00841W",
,"PT","SDR","São Domingos de Rana","Sao Domingos de Rana","11","-23-----","RL","0401",,"3842N 00920W",
,"PT","SDS","Sandiães","Sandiaes","11","--3-----","RL","1701",,"4038N 00739W",
,"PT","SEE","Seia","Seia","09","--3-----","RN","0401",,"4025N 00742W",
,"PT","SEG","Santo Estêvão das Galés","Santo Estevao das Gales","11","--3-----","RL","1501",,"3854N 00915W",
,"PT","SEI","Seixal","Seixal","15","-23-----","RL","0401",,"3838N 00906W",
,"PT","SEO","Santo Estevao","Santo Estevao","11","-----6--","RQ","1001",,"3852N 00845W",
,"PT","SEP","Santa Eufémia de Prazins","Santa Eufemia de Prazins",,"--3-----","RL","1201",,"4128N 00819W",
,"PT","SEQ","Sequeira","Sequeira","03","--3-----","RL","0701",,"4132N 00828W",
,"PT","SER","Serzedo","Serzedo","13","--3-----","RL","0401",,"4103N 00837W",
,"PT","SET","Setúbal","Setubal","15","123-----","AI","0401",,"3832N 00854W",
,"PT","SFR","Safara","Safara","02","--3-----","RN","0401",,"3806N 00713W",
,"PT","SGA","Sanguedo","Sanguedo","01","--3-----","RL","1307",,"4100N 00831W",
,"PT","SGO","São Gonçalo","Sao Goncalo","17","-----6--","RL","1201",,"4111N 00747W",
,"PT","SGU","Salgueiro","Salgueiro","05","--3-----","RL","0401",,"4014N 00718W",
,"PT","SHA","Senhora da Hora","Senhora da Hora","13","123-----","RL","0401",,"4111N 00839W",
,"PT","SIA","Santa Iria de Azoia","Santa Iria de Azoia","11","-23-----","RL","0601",,"3851N 00905W",
,"PT","SIE","Sines","Sines","15","1234----","AI","0401",,"3757N 00852W",
,"PT","SIN","Sinde","Sinde","06","--3-----","RL","1801",,"4019N 00803W",
,"PT","SJA","São João de Areias","Sao Joao de Areias","18","--3-----","RL","0701",,"4023N 00804W",
,"PT","SJL","Sao Joao das Lampas","Sao Joao das Lampas","11","-----6--","RL","1407",,"3852N 00924W",
,"PT","SJM","São João da Madeira","Sao Joao da Madeira","01","-23--6--","RL","0907",,"4054N 00830W",
,"PT","SJO","São Jorge","Sao Jorge","10","--3-----","RL","1401",,"3938N 00851W",
,"PT","SJP","São João da Pesqueira","Sao Joao da Pesqueira","18","--3-----","RL","0601",,"4109N 00724W",
,"PT","SJR","São João da Ribeira","Sao Joao da Ribeira","14","--3--6--","RL","1107",,"3917N 00851W",
,"PT","SJT","São João da Talha","Sao Joao da Talha","11","--3-----","RL","0401",,"3849N 00905W",
,"PT","SJV","São João de Ver","Sao Joao de Ver","01","--3-----","RL","0701",,"4057N 00833W",
,"PT","SJZ","São Jorge Island Apt","Sao Jorge Island Apt","20","---4----","AI","0401",,"3839N 02810W",
,"PT","SLD","São Lourenço do Douro","Sao Lourenco do Douro","13","--3-----","RL","2001",,"4106N 00812W",
,"PT","SLH","Soalheira","Soalheira","05","-23-----","RN","0401",,"4002N 00729W",
,"PT","SLV","Silves","Silves","08","-23-----","RN","0401",,"3711N 00826W",
,"PT","SLZ","Santa Luzia","Santa Luzia",,"1-------","RL","1201",,"3706N 00739W",
,"PT","SMA","Santa Maria Island Apt","Santa Maria Island Apt","20","---4----","AI","0401",,"3658N 02510W",
,"PT","SMD","São Mamede de Infesta","Sao Mamede de Infesta","13","-23-----","RL","0401",,"4112N 00836W",
,"PT","SMF","Santa Maria da Feira","Santa Maria da Feira","01","--3--6--","RN","0401",,,
,"PT","SMG","Salvaterra de Magos","Salvaterra de Magos","14","--3--6--","RN","0401",,"3901N 00848W",
,"PT","SMI","São Miguel","Sao Miguel",,"1-------","RQ","0401",,,
,"PT","SML","Santa Maria de Lamas","Santa Maria de Lamas","01","--3-----","RL","1407",,"4058N 00834W",
,"PT","SMO","São Martinho do Porto","Sao Martinho do Porto","10","1-------","AM","2101",,"3931N 00908W",
,"PT","SMP","Santa Marta de Penaguião","Santa Marta de Penaguiao","17","-23-----","RN","0401",,"4112N 00748W",
,"PT","SMR","Samora Correia","Samora Correia","14","--3-----","RN","0401",,"3856N 00852W",
,"PT","SMS","Santa Maria de Sardoura","Santa Maria de Sardoura","01","1-3-----","RL","0901",,"4103N 00817W",
,"PT","SMT","São Mateus","Sao Mateus","20","1-------","AA","1207",,"3839N 02716W",
,"PT","SMV","Santa Maria de Avioso","Santa Maria de Avioso","13","-----6--","RL","1201",,"4116N 00836W",
,"PT","SND","Sendim","Sendim","13","--3-----","RN","0401",,"4123N 00811W",
,"PT","SNH","Sanchequias","Sanchequias","01","--3-----","RL","1301",,"4029N 00840W",
,"PT","SNT","Santarém","Santarem","14","-23-----","RL","0212",,"3914N 00841W",
,"PT","SOB","Sobralinho","Sobralinho","11","-23-----","RL","0701",,"3855N 00901W",
,"PT","SOG","Sobradelo da Goma","Sobradelo da Goma",,"--3-----","RL","0901",,"4134N 08110W",
,"PT","SOL","Sobral","Sobral","11","--3-----","RL","1501",,"3915N 00916W",
,"PT","SOS","Sousa","Sousa","13","--3-----","RL","1501",,"4121N 00815W",
,"PT","SOU","Soure","Soure","06","-23-----","RL","0401",,"4003N 00838W",
,"PT","SPA","Serpa","Serpa","02","--3-----","RN","0401",,"3756N 00736W",
,"PT","SPG","São Paio de Gramaços","Sao Paio de Gramacos","06","--3-----","RL","1301",,"4021N 00750W",
,"PT","SPS","São Pedro do Sul","Sao Pedro do Sul","18","-23-----","RN","0401",,"4045N 00804W",
,"PT","SRA","Seroa","Seroa","13","--3-----","RL","1301",,"4116N 00826W",
,"PT","SRD","Sardoal","Sardoal","14","--3-----","RN","0401",,"3932N 00810W",
,"PT","SRL","Sernancelhe","Sernancelhe","18","--3-----","RN","0401",,"4054N 00730W",
,"PT","SRP","São Roque do Pico","Sao Roque do Pico","20","--3-----","RN","0401",,"3831N 02819W",
,"PT","SRT","Sertã","Serta","05","--3-----","RN","0401",,"3948N 00806W",
,"PT","SRU","Santiago de Riba-Ul","Santiago de Riba-Ul","01","--3-----","RL","0701",,"4051N 00829W",
,"PT","SRV","Santa Clara-a-Velha","Santa Clara-a-Velha","02","--3-----","RN","0401",,"3731N 00829W",
,"PT","SSA","Massamá","Massama","11","--3-----","RL","1301",,"3845N 00916W",
,"PT","SSB","Sesimbra","Sesimbra","15","1-3-----","RN","0401",,"3826N 00906W",
,"PT","SSF","Sanfins","Sanfins","01","--3-----","RL","1301",,"4056N 00832W",
,"PT","SSL","Souzel","Souzel","12","-23-----","RN","0401",,"3857N 00740W",
,"PT","SSO","Sosa","Sosa","08","--3-----","RL","1707",,"4033N 00840W",
,"PT","STA","Sintra","Sintra","11","-23--6--","RL","0401",,"3848N 00923W",
,"PT","STC","Santiago do Cacém","Santiago do Cacem","15","-23-----","RN","0401",,"3801N 00842W",
,"PT","STI","Santo Tirso","Santo Tirso","13","--3-----","RL","0401",,"4121N 00828W",
,"PT","STN","Santana","Santana","30","--3-----","RN","0401",,"3248N 01653W",
,"PT","SVB","São Vicente da Beira","Sao Vicente da Beira","05","--3-----","RN","0401",,"4002N 00734W",
,"PT","SVC","São Vicente","Sao Vicente","30","--3-----","RN","0401",,"3248N 01703W",
,"PT","SVD","Silvalde","Silvalde","01","-2------","RQ","1001",,"4059N 00837W",
,"PT","SVO","Santo Varão","Santo Varao","06","--3-----","RL","1601",,"4011N 00836W",
,"PT","SVT","Santa Vitória","Santa Vitoria","02","--3-----","RL","1601",,"3758N 00802W",
,"PT","SVV","Sever do Vouga","Sever do Vouga","01","--3-----","RN","0401",,"4044N 00822W",
,"PT","SXZ","Seixezelo","Seixezelo","13","--3-----","RL","0901",,"4102N 00833W",
,"PT","SZL","Souzelas","Souzelas","06","--3-----","RL","0401",,"4006N 00843W",
,"PT","TAB","Tábua","Tabua","06","--3-----","RN","0401",,"4021N 00802W",
,"PT","TAG","Tagilde","Tagilde","13","--3-----","RL","1601",,"4122N 00817W",
,"PT","TAM","Tamel","Tamel","03","--3-----","RL","1501",,"4133N 00836W",
,"PT","TBC","Tabuaço","Tabuaco","18","--3-----","RN","0401",,"4107N 00734W",
,"PT","TBR","Terras de Bouro","Terras de Bouro","03","--3-----","RN","0401",,"4143N 00818W",
,"PT","TCS","Trancoso","Trancoso","09","--3-----","RN","0401",,"4047N 00721W",
,"PT","TDH","Torre de Dona Chama","Torre de Dona Chama","04","--3-----","RN","0401",,"4139N 00708W",
,"PT","TEL","Telhado","Telhado","03","--3-----","RL","1801",,"4127N 00827W",
,"PT","TEN","Tentúgal","Tentugal","06","--3-----","RL","1501",,"4013N 00835W",
,"PT","TER","Terceira Island Apt","Terceira Island Apt","20","1--45---","AI","0401",,"3843N 02713W",
,"PT","TG2","Telhados Grandes","Telhados Grandes","10","--3-----","RL","1701",,"3931N 00845W",
,"PT","TGL","Tramagal","Tramagal","14","-23-----","RL","0401",,"3927N 00815W",
,"PT","TGO","Monte Trigo","Monte Trigo","01","1-------","RQ","0901",,,
,"PT","TMC","Torre de Moncorvo","Torre de Moncorvo","04","-23-----","RN","0401",,"4110N 00703W",
,"PT","TMR","Tomar","Tomar","14","-23-----","RL","0401",,"3936N 00825W",
,"PT","TMS","Tremes","Tremes","14","--3-----","RL","1301",,"3921N 00846W",
,"PT","TNV","Torres Novas","Torres Novas","14","--3-----","RL","0401",,"3929N 00832W",
,"PT","TOA","Torreira","Torreira",,"1-------","RL","1201",,"4045N 00842W",
,"PT","TOC","Tocha","Tocha","14","--3-----","RL","1701",,"4019N 00845W",
,"PT","TON","Tondela","Tondela","18","-23-----","RL","0401",,"4031N 00805W",
,"PT","TOR","Torrão","Torrao","15","-23-----","RN","0401",,"3840N 00915W",
,"PT","TOU","Touguinho","Touguinho","13","--3-----","RL","1307",,"4123N 00842W",
,"PT","TPO","Topo","Topo","20","1-3-----","RN","0401",,"3833N 02747W",
,"PT","TRA","Travanca","Travanca","01","--3-----","RQ","1001",,"4048N 00829W",
,"PT","TRC","Tarouca","Tarouca","18","--3-----","RN","0401",,"4101N 00747W",
,"PT","TRD","Trandeiras","Trandeiras","03","--3-----","RL","1601",,"4129N 00825W",
,"PT","TRF","Trafaria","Trafaria","15","1-------","RL","1201",,"3840N 00914W",
,"PT","TRJ","Trajouce","Trajouce","11","--3--6--","RQ","1001",,"3840N 00920W",
,"PT","TRO","Trofa","Trofa","01","--3-----","RL","0401",,"4036N 00829W",
,"PT","TRR","Terrugem","Terrugem","11","-----6--","RL","0901",,"3842N 00917W",
,"PT","TRS","Terroso","Terroso","13","--3-----","RL","1401",,"4125N 00844W",
,"PT","TSO","Tortosendo","Tortosendo","05","--3-----","RQ","0901",,"4014N 00731W",
,"PT","TUN","Tunes","Tunes","01","1-------","RQ","0901",,,
,"PT","TVE","Torres Vedras","Torres Vedras","11","-23-----","RL","0401",,"3906N 00916W",
,"PT","TVH","Trofa Velha","Trofa Velha","01","--3-----","RL","1701",,"4119N 00834W",
,"PT","TVO","Taveiro","Taveiro","06","--3-----","RL","1601",,"4012N 00830W",
,"PT","TVR","Tavira","Tavira","08","-23-----","RN","0401",,"3707N 00739W",
,"PT","TVS","Troviscal","Troviscal","05","--3-----","RL","1501",,"3952N 00801W",
,"PT","TZA","A dos Cunhados","A dos Cunhados","11","--3--6--","RL","0901",,"3909N 00918W",
,"PT","TZB","Vila Praia de Ancora","Vila Praia de Ancora","16","-----6--","RL","0901",,"4149N 00851W",
,"PT","TZC","Sao Paio de Oleiros","Sao Paio de Oleiros","01","-----6--","RL","0901",,"4059N 00835W",
,"PT","TZD","Cortegaca","Cortegaca","11","-----6--","RL","0901",,"3850N 00919W",
,"PT","TZE","Carvalhais","Carvalhais","04","-----6--","RL","0901",,"4131N 00710W",
,"PT","TZF","Freixeira","Freixeira","02","-----6--","RL","0901",,"3814N 00718W",
,"PT","TZG","Sao Juliao do Tojal","Sao Juliao do Tojal","11","-----6--","RL","0901",,"3851N 00908W",
,"PT","TZH","Gemunde","Gemunde","13","-----6--","RL","0901",,"4116N 00839W",
,"PT","TZI","Muge","Muge","14","-----6--","RL","0901",,"3906N 00843W",
,"PT","TZJ","Leirosa","Leirosa","06","-----6--","RL","0901",,"4002N 00852W",
,"PT","TZK","Queluz de Baixo","Queluz de Baixo","11","-----6--","RL","0901",,"3845N 00917W",
,"PT","TZM","Silveira","Silveira","11","-----6--","RL","0901",,"3907N 00922W",
,"PT","TZN","Sabugo","Sabugo","11","-----6--","RL","0901",,"3849N 00918W",
,"PT","TZO","Vila Nogueira de Azeitao","Vila Nogueira de Azeitao","15","-----6--","RL","0901",,"3831N 00901W",
,"PT","TZP","Valada","Valada","14","-----6--","RL","0901",,"3904N 00846W",
,"PT","UCO","Pedroucos","Pedroucos","13","--3-----","RL","1301",,"4114N 00837W",
,"PT","UGV","Agualva","Agualva","11","--3-----","RL","0401",,"3845N 00919W",
,"PT","VAB","Valbom","Valbom","13","1-------","RL","1201",,"4108N 00834W",
,"PT","VAE","Varzea","Varzea",,"-----6--","RQ","1001",,"3752N 02550W",
,"PT","VAG","Vagueira","Vagueira",,"1-------","RL","1201",,"4033N 00845W",
,"PT","VAI","Vaiamonte","Vaiamonte","04","--3-----","RL","1701",,"3906N 00731W",
,"PT","VAL","Valongo","Valongo","12","--3-----","RL","0401",,"3910N 00752W",
,"PT","VAN","Vandoma","Vandoma",,"--3-----","RQ","1001",,"4112N 00823W",
,"PT","VAQ","São Cosme do Vale","Sao Cosme do Vale","03","--3-----","RL","1401",,"4126N 00828W",
,"PT","VAR","Várzea do Douro","Varzea do Douro","13","1-3-----","RQ","0907",,"4107N 00828W",
,"PT","VBP","Vila do Bispo","Vila do Bispo","08","--3-----","RN","0401",,"3705N 00855W",
,"PT","VCA","Vale de Cambra","Vale de Cambra","01","-23--6--","RL","0401",,"4051N 00823W",
,"PT","VCO","Vila Cha de Ourique","Vila Cha de Ourique","14","-----6--","RQ","1007",,"3910N 00846W",
,"PT","VDB","Vilarinho do Bairro","Vilarinho do Bairro","01","--3-----","RL","1207",,"4025N 00832W",
,"PT","VDC","Viana do Castelo","Viana do Castelo","16","123-----","AI","0401",,"4142N 00850W",
,"PT","VDE","Vide","Vide","09","--3-----","RN","0401",,"4017N 00746W",
,"PT","VDF","Vilarinho dos Freires","Vilarinho dos Freires","17","--3-----","RL","1601",,"4110N 00745W",
,"PT","VDG","Vidago","Vidago","17","-23-----","RN","0401",,"4138N 00734W",
,"PT","VDN","Vendas Novas","Vendas Novas","07","-23-----","RL","0401",,"3841N 00827W",
,"PT","VDP","Vila do Porto","Vila do Porto","20","1-3-----","RL","0401",,"3656N 02509W",
,"PT","VDR","Valadares","Valadares","16","--3-----","RL","0501",,"4204N 00821W",
,"PT","VDV","Venda do Pinheiro","Venda do Pinheiro","11","1-------","RQ","0901",,,
,"PT","VEA","Vendinha","Vendinha",,"-----6--","RL","1201",,"3827N 00739W",
,"PT","VEL","Velas","Velas","20","1-3-----","AI","0401",,"3841N 02813W",
,"PT","VFC","Vila Franca do Campo","Vila Franca do Campo","20","1-3-----","RN","0401",,"3743N 02526W",
,"PT","VFD","Vila de Frades","Vila de Frades","02","1----6--","RL","1407",,"3813N 00749W",
,"PT","VFL","Vila Flor","Vila Flor","04","--3-----","RN","0401",,"3908N 00709W",
,"PT","VFR","Vila Franca do Rosário","Vila Franca do Rosario","11","--3-----","RL","1201",,"3858N 00915W",
,"PT","VFX","Vila Franca de Xira","Vila Franca de Xira","11","123-----","RL","0401",,"3857N 00859W",
,"PT","VGA","Vidigueira","Vidigueira","02","--3-----","RN","0401",,"3813N 00748W",
,"PT","VGS","Vagos","Vagos","01","--3-----","RN","0401",,"4033N 00841W",
,"PT","VIA","Vialonga","Vialonga","11","--3-----","RL","0401",,"3852N 00905W",
,"PT","VIC","Vila do Conde","Vila do Conde","13","123-----","RL","0401",,"4121N 00845W",
,"PT","VIF","Vila Moura","Vila Moura","08","--3-----","RQ","0901",,,
,"PT","VIH","Vilarinho","Vilarinho","03","--3-----","RL","1301",,"4136N 00807W",
,"PT","VIL","Vilar","Vilar","11","--3-----","RL","1307",,"3911N 00907W",
,"PT","VIV","Vila Viçosa","Vila Vicosa","07","-23-----","RL","0401",,"3847N 00725W",
,"PT","VJT","Envendos","Envendos","14","--3-----","RL","1301",,"3934N 00752W",
,"PT","VL9","Valverde","Valverde","07","--3-----","RL","1301",,"3832N 00801W",
,"PT","VLC","Vila Chã","Vila Cha",,"1-------","RL","1201",,"4051N 00823W",
,"PT","VLD","Vila da Ponte","Vila da Ponte","18","--3-----","RL","0401",,"4055N 00730W",
,"PT","VLF","Vilar Formoso","Vilar Formoso","09","--3-----","RN","0401",,"4037N 00650W",
,"PT","VLH","Vilarinho","Vilarinho","13","--3-----","RL","0701",,"4121N 00820W",
,"PT","VLL","Vilela","Vilela","13","--3-----","RL","1207",,"4133N 00755W",
,"PT","VLN","Valença","Valenca","16","-23-----","RN","0401",,"4202N 00838W",
,"PT","VLP","Valpaços","Valpacos","17","--3-----","RN","0401",,"4136N 00719W",
,"PT","VLR","Vila de Rei","Vila de Rei","05","--3-----","RN","0401",,"3940N 00809W",
,"PT","VLS","Vila Seca","Vila Seca","18","--3-----","RL","1407",,"4107N 00740W",
,"PT","VMA","Vila Meã","Vila Mea","13","-23-----","RN","0401",,"4115N 00811W",
,"PT","VMP","Vilar do Paraíso","Vilar do Paraiso","13","-----6--","RL","1201",,"4105N 00837W",
,"PT","VMS","Vimioso","Vimioso","04","--3-----","RN","0401",,"4135N 00632W",
,"PT","VNA","Vila Nova da Cerveira","Vila Nova da Cerveira","16","-23-----","RL","0401",,"4156N 00845W",
,"PT","VNB","Vila Nova da Barquinha","Vila Nova da Barquinha","14","--3-----","RN","0401",,"3927N 00826W",
,"PT","VNC","Vila Nova do Corvo","Vila Nova do Corvo","20","1-------","AI","1207",,"3940N 03106W",
,"PT","VND","Provesende","Provesende","17","--3-----","RL","1307",,"4113N 00734W",
,"PT","VNE","Vila Nova da Telha","Vila Nova da Telha","13","--3-----","RL","0701",,"4115N 00840W",
,"PT","VNF","Vila Nova de Famalicao","Vila Nova de Famalicao","03","-23-----","RL","0401",,"4125N 00832W",
,"PT","VNG","Vila Nova de Gaia","Vila Nova de Gaia","13","-23-----","RL","0401",,"4108N 00837W",
,"PT","VNH","Vinhais","Vinhais","04","--3-----","RN","0401",,"4150N 00700W",
,"PT","VNM","Vila Nova de Milfontes","Vila Nova de Milfontes","02","--3-----","RN","0401",,"3743N 00847W",
,"PT","VNO","Vila Nova de Ourém","Vila Nova de Ourem","14","--3-----","RL","0401",,"3939N 00835W",
,"PT","VNP","Vila Nova de Poiares","Vila Nova de Poiares","06","--3-----","RN","0401",,"4013N 00816W",
,"PT","VNR","Vila Nova da Rainha","Vila Nova da Rainha","11","1----6--","RL","0901",,"3902N 00856W",
,"PT","VNT","Viana do Alentejo","Viana do Alentejo","07","-23-----","RN","0401",,"3820N 00800W",
,"PT","VNZ","Vila Nova de Fozcoa","Vila Nova de Fozcoa","09","-23-----","RN","0401",,"4105N 00712W",
,"PT","VOM","Vermoim","Vermoim","13","--3-----","RL","1301",,"4114N 00836W",
,"PT","VOP","Vila Nova de Paiva","Vila Nova de Paiva","18","--3-----","RN","0401",,"4051N 00744W",
,"PT","VPA","Vila Pouca de Aguiar","Vila Pouca de Aguiar","17","-23-----","RN","0401",,"4130N 00739W",
,"PT","VPB","Vila Pouca da Beira","Vila Pouca da Beira","06","--3-----","RL","1307",,"4018N 00755W",
,"PT","VPO","Vilar do Pinheiro","Vilar do Pinheiro","13","-23-----","RL","0607",,"4116N 00840W",
,"PT","VRA","Vila Real de San António","Vila Real de San Antonio",,"--3-----","RL","1007",,"3712N 00725W",
,"PT","VRE","Vila Real de Santo António","Vila Real de Santo Antonio","08","123-----","RL","0401",,"3712N 00725W",
,"PT","VRL","Vila Real","Vila Real","17","-234----","AI","0401",,"4118N 00745W",
,"PT","VRM","Vieira do Minho","Vieira do Minho","03","--3-----","RN","0401",,"4138N 00809W",
,"PT","VRO","Lavradio","Lavradio","15","--3-----","RL","1301",,"3840N 00903W",
,"PT","VRU","Vila Ruiva","Vila Ruiva",,"-----6--","RL","0901",,"4034N 00731W",
,"PT","VSA","Vila Nova de Santo André","Vila Nova de Santo Andre","15","--3-----","RN","0401",,"3803N 00845W",
,"PT","VSE","Viseu","Viseu","18","-234----","AI","0401",,"4039N 00755W",
,"PT","VSP","Vilar Seco","Vilar Seco","18","-----6--","RL","1201",,"4033N 00752W",
,"PT","VTD","Viatodos","Viatodos","03","--3-----","RL","0901",,"4127N 00834W",
,"PT","VVD","Vila Verde","Vila Verde","03","--3-----","RN","0401",,"4139N 00826W",
,"PT","VVN","Ventosa","Ventosa","14","-----6--","RL","1407",,"3934N 00801W",
,"PT","VVR","Vila Velha de Ródão","Vila Velha de Rodao","05","-23-----","RN","0401",,"3940N 00742W",
,"PT","VZL","Vouzela","Vouzela","18","-23-----","RN","0401",,"4043N 00807W",
,"PT","XZX","Escariz","Escariz","01","1-3-----","RL","1401",,"4056N 00825W",
,"PT","ZEM","Rozem","Rozem","13","--3-----","RL","1501",,"4109N 00811W",
,"PT","ZFM","Zona Franca da Madeira","Zona Franca da Madeira","30","1-3-----","AI","0401",,"3240N 01645W",
,"PT","ZGA","Cortegaca","Cortegaca",,"-----6--","RQ","0901",,,
,"PT","ZIB","Zibreira","Zibreira","05","--3-----","RL","0407",,"3951N 00704W",
,"PT","ZVI","Vizela","Vizela","03","--3-----","RL","0401",,"4123N 00816W",
